FECHA_SUBCOMISION,COD_DPTO,DEPARTAMENTO ,COD_MUNI,MUNICIPIO,C_DO_LUGAR,LUGAR,C_MO_SITIO,SITIO,RIESGO,SEXO,TIPO_RUTA,TIPO_ESTUDIO
04/03/2024,27,CHOCO,27001,QUIBDO,27,CHOCO,27001,QUIBDO,EXTRAORDINARIO,MASCULINO,INDIVIDUAL,TEMPORALIDAD
04/03/2024,50,META,50330,MESETAS,50,META,50330,MESETAS,EXTRAORDINARIO DE GENERO,FEMENINO,INDIVIDUAL,PRIMERA VEZ
04/03/2024,50,META,50711,VISTAHERMOSA,50,META,50711,VISTAHERMOSA,EXTRAORDINARIO,MASCULINO,INDIVIDUAL,HECHOS SOBREVINIENTES
04/03/2024,19,CAUCA,19001,POPAYAN,50,META,50711,VISTAHERMOSA,INACTIVACION,MASCULINO,INDIVIDUAL,PRIMERA VEZ
04/03/2024,50,META,50001,VILLAVICENCIO,50,META,50001,VILLAVICENCIO,EXTRAORDINARIO,MASCULINO,INDIVIDUAL,TEMPORALIDAD
04/03/2024,95,GUAVIARE,95025,EL RETORNO,,N/A,,N/A,EXTRAORDINARIO,FEMENINO,INDIVIDUAL,PRIMERA VEZ
04/03/2024,5,ANTIOQUIA,5234,DABEIBA,5,ANTIOQUIA,5234,DABEIBA,EXTRAORDINARIO,N/A,COLECTIVO,PRIMERA VEZ
04/03/2024,5,ANTIOQUIA,5234,DABEIBA,5,ANTIOQUIA,5234,DABEIBA,EXTRAORDINARIO,FEMENINO,INDIVIDUAL,PRIMERA VEZ
04/03/2024,11,BOGOTA,11001,BOGOTA,5,ANTIOQUIA,5604,REMEDIOS,EXTRAORDINARIO,N/A,COLECTIVO,PRIMERA VEZ
04/03/2024,19,CAUCA,19364,JAMBALO,19,CAUCA,19364,JAMBALO,EXTRAORDINARIO,N/A,COLECTIVO,PRIMERA VEZ
04/03/2024,19,CAUCA,19100,BOLIVAR,19,CAUCA,19256,TAMBO,EXTRAORDINARIO,MASCULINO,INDIVIDUAL,PRIMERA VEZ
04/03/2024,11,BOGOTA,11001,BOGOTA,25,CUNDINAMARCA,25885,YACOPI,EXTRAORDINARIO,MASCULINO,INDIVIDUAL,TEMPORALIDAD
04/03/2024,68,SANTANDER,68081,BARRANCABERMEJA,5,ANTIOQUIA,5893,YONDO,EXTRAORDINARIO,FEMENINO,INDIVIDUAL,PRIMERA VEZ
03/07/2024,41,HUILA,41026,ALTAMIRA,86,PUTUMAYO,86571,PUERTO GUZMAN,N/A,MASCULINO,INDIVIDUAL,N/A
03/07/2024,18,CAQUETA,18256,PAUJIL,19,CAUCA,19533,PIAMONTE,EXTRAORDINARIO,FEMENINO,INDIVIDUAL,PRIMERA VEZ
03/07/2024,11,BOGOTA,11001,BOGOTA,86,PUTUMAYO,86568,PUERTO ASIS,EXTRAORDINARIO,MASCULINO,INDIVIDUAL,PRIMERA VEZ
03/07/2024,95,GUAVIARE,95001,SAN JOSE DEL GUAVIARE,95,GUAVIARE,95001,SAN JOSE DEL GUAVIARE,EXTRAORDINARIO,N/A,COLECTIVO,PRIMERA VEZ
03/07/2024,19,CAUCA,19137,CALDONO,19,CAUCA,19142,CALOTO,EXTRAORDINARIO,MASCULINO,INDIVIDUAL,PRIMERA VEZ
03/07/2024,19,CAUCA,19142,CALOTO,19,CAUCA,19142,CALOTO,N/A,MASCULINO,INDIVIDUAL,PRIMERA VEZ
03/07/2024,76,VALLE DEL CAUCA,76275,FLORIDA,52,NARINO,52079,BARBACOAS,EXTRAORDINARIO,MASCULINO,INDIVIDUAL,PRIMERA VEZ
02/07/2024,11,BOGOTA,11001,BOGOTA,,N/A,,N/A,N/A,MASCULINO,INDIVIDUAL,PRIMERA VEZ
02/07/2024,73,TOLIMA,73352,ICONONZO,73,TOLIMA,73352,ICONONZO,N/A,FEMENINO,INDIVIDUAL,TEMPORALIDAD
02/07/2024,25,CUNDINAMARCA,11001,BOGOTA,25,CUNDINAMARCA,11001,BOGOTA,N/A,MASCULINO,INDIVIDUAL,HECHOS SOBREVINIENTES
02/07/2024,76,VALLE DEL CAUCA,76001,CALI,76,VALLE DEL CAUCA,76001,CALI,N/A,N/A,COLECTIVO,TEMPORALIDAD
02/07/2024,25,CUNDINAMARCA,25269,FACATATIVA,25,CUNDINAMARCA,25269,FACATATIVA,N/A,FEMENINO,INDIVIDUAL,PRIMERA VEZ
02/07/2024,5,ANTIOQUIA,5001,MEDELLIN,5,ANTIOQUIA,5001,MEDELLIN,N/A,N/A,COLECTIVO,PRIMERA VEZ
28/06/2024,70,SUCRE,70418,LOS PALMITOS,70,SUCRE,70418,LOS PALMITOS,EXTRAORDINARIO,N/A,COLECTIVO,HECHOS SOBREVINIENTES
28/06/2024,70,SUCRE,70230,CHALAN,70,SUCRE,70230,CHALAN,EXTRAORDINARIO,MASCULINO,INDIVIDUAL,HECHOS SOBREVINIENTES
28/06/2024,70,SUCRE,70230,CHALAN,70,SUCRE,70230,CHALAN,EXTRAORDINARIO,N/A,COLECTIVO,HECHOS SOBREVINIENTES
28/06/2024,70,SUCRE,70508,OVEJAS,70,SUCRE,70418,PALMITOS,ORDINARIO,MASCULINO,INDIVIDUAL,TEMPORALIDAD
28/06/2024,70,SUCRE,70204,COLOSO,,N/A,,N/A,EXTRAORDINARIO,MASCULINO,INDIVIDUAL,PRIMERA VEZ
25/06/2024,,N/A,,N/A,18,CAQUETA,18410,LA MONTANITA,NO REPORTA,MASCULINO,INDIVIDUAL,NO REPORTA
19/06/2024,18,CAQUETA,18410,LA MONTANITA,18,CAQUETA,18410,LA MONTANITA,EXTRAORDINARIO,FEMENINO,INDIVIDUAL,HECHOS SOBREVINIENTES
19/06/2024,11,BOGOTA,11001,BOGOTA,11,BOGOTA,11001,BOGOTA,NO REPORTA,MASCULINO,INDIVIDUAL,NO REPORTA
19/06/2024,5,ANTIOQUIA,5001,MEDELLIN,5,ANTIOQUIA,5604,REMEDIOS,NO REPORTA,MASCULINO,INDIVIDUAL,NO REPORTA
19/06/2024,50,META,50251,EL CASTILLO,25,CUNDINAMARCA,25754,SOACHA,NO REPORTA,MASCULINO,INDIVIDUAL,NO REPORTA
19/06/2024,19,CAUCA,19532,PATIA,,N/A,,N/A,NO REPORTA,MASCULINO,INDIVIDUAL,NO REPORTA
19/06/2024,44,LA GUAJIRA,44279,FONSECA,44,LA GUAJIRA,44279,FONSECA,NO REPORTA,MASCULINO,INDIVIDUAL,NO REPORTA
19/06/2024,19,CAUCA,19698,SANTANDER DE QUILICHAO,19,CAUCA,19698,SANTANDER DE QUILICHAO,NO REPORTA,MASCULINO,INDIVIDUAL,NO REPORTA
19/06/2024,73,TOLIMA,73352,ICONONZO,73,TOLIMA,73352,ICONONZO,NO REPORTA,MASCULINO,INDIVIDUAL,NO REPORTA
19/06/2024,25,CUNDINAMARCA,11001,BOGOTA,11,BOGOTA,11001,BOGOTA,NO REPORTA,FEMENINO,INDIVIDUAL,NO REPORTA
19/06/2024,70,SUCRE,70508,OVEJAS,70,SUCRE,70508,OVEJAS,NO REPORTA,MASCULINO,INDIVIDUAL,NO REPORTA
13/06/2024,52,NARINO,52227,CUMBAL,52,NARINO,52227,CUMBAL,EXTRAORDINARIO,N/A,COLECTIVO,PRIMERA VEZ
13/06/2024,52,NARINO,52227,CUMBAL,52,NARINO,52227,CUMBAL,EXTRAORDINARIO,N/A,COLECTIVO,HECHOS SOBREVINIENTES
13/06/2024,50,META,50001,VILLAVICENCIO,50,META,50001,VILLAVICENCIO,EXTRAORDINARIO,MASCULINO,INDIVIDUAL,PRIMERA VEZ
11/06/2024,68,SANTANDER,68081,BARRANCABERMEJA,68,SANTANDER,68081,BARRANCABERMEJA,EXTRAORDINARIO,MASCULINO,INDIVIDUAL,TEMPORALIDAD
13/06/2024,95,GUAVIARE,95001,SAN JOSE DEL GUAVIARE,95,GUAVIARE,15455,MIRAFLORES,NO REPORTA,MASCULINO,INDIVIDUAL,PRIMERA VEZ
11/06/2024,18,CAQUETA,86571,PUERTO GUZMAN,18,CAQUETA,86571,PUERTO GUZMAN,EXTRAORDINARIO DE GENERO,FEMENINO,INDIVIDUAL,PRIMERA VEZ
11/06/2024,11,BOGOTA,11001,BOGOTA,,N/A,,N/A,FINALIZAR,FEMENINO,INDIVIDUAL,TEMPORALIDAD
11/06/2024,54,NORTE DE SANTANDER,54001,CUCUTA,54,NORTE DE SANTANDER,54810,TIBU,NO REPORTA,FEMENINO,INDIVIDUAL,PRIMERA VEZ
11/06/2024,27,CHOCO,27001,QUIBDO,27,CHOCO,,N/A,EXTRAORDINARIO,MASCULINO,INDIVIDUAL,PRIMERA VEZ
11/06/2024,52,NARINO,52835,TUMACO,52,NARINO,52835,TUMACO,EXTRAORDINARIO,MASCULINO,INDIVIDUAL,PRIMERA VEZ
11/06/2024,95,GUAVIARE,95001,SAN JOSE DEL GUAVIARE,,N/A,,N/A,NO REPORTA,N/A,COLECTIVO,PRIMERA VEZ
11/06/2024,20,CESAR,20570,PUEBLO BELLO,20,CESAR,20570,PUEBLO BELLO,NO REPORTA,MASCULINO,INDIVIDUAL,HECHOS SOBREVINIENTES
11/06/2024,,N/A,,N/A,,N/A,,N/A,NO REPORTA,FEMENINO,INDIVIDUAL,PRIMERA VEZ
11/06/2024,20,CESAR,20013,AGUSTIN CODAZZI,54,NORTE DE SANTANDER,54245,EL CARMEN,EXTRAORDINARIO,MASCULINO,INDIVIDUAL,PRIMERA VEZ
11/06/2024,68,SANTANDER,68255,EL PLAYON,68,SANTANDER,68255,EL PLAYON ,NO REPORTA,MASCULINO,INDIVIDUAL,HECHOS SOBREVINIENTES
11/06/2024,95,GUAVIARE,95001,SAN JOSE DEL GUAVIARE,95,GUAVIARE,95001,SAN JOSE DEL GUAVIARE,FINALIZAR,MASCULINO,INDIVIDUAL,TEMPORALIDAD
11/06/2024,73,TOLIMA,73585,PURIFICACION,76,VALLE DEL CAUCA,76248,EL CERRITO,EXTRAORDINARIO,MASCULINO,INDIVIDUAL,PRIMERA VEZ
11/06/2024,19,CAUCA,19001,POPAYAN,,N/A,,N/A,NO REPORTA,N/A,COLECTIVO,TEMPORALIDAD
11/06/2024,5,ANTIOQUIA,5234,DABEIBA,,N/A,,N/A,NO REPORTA,N/A,COLECTIVO,TEMPORALIDAD
11/06/2024,5,ANTIOQUIA,5847,URRAO,,N/A,,N/A,FINALIZAR,MASCULINO,INDIVIDUAL,TEMPORALIDAD
11/06/2024,11,BOGOTA,11001,BOGOTA,,N/A,,N/A,FINALIZAR,MASCULINO,INDIVIDUAL,TEMPORALIDAD
11/06/2024,81,ARAUCA,81065,ARAUQUITA,85,CASANARE,85162,MONTERREY,EXTRAORDINARIO,MASCULINO,INDIVIDUAL,TEMPORALIDAD
11/06/2024,76,VALLE DEL CAUCA,76001,CALI,76,VALLE DEL CAUCA,76001,CALI,EXTRAORDINARIO,N/A,COLECTIVO,PRIMERA VEZ
11/06/2024,19,CAUCA,19001,POPAYAN,19,CAUCA,5055,ARGELIA,EXTRAORDINARIO,MASCULINO,INDIVIDUAL,PRIMERA VEZ
11/06/2024,19,CAUCA,19743,SILVIA,19,CAUCA,19698,SANTANDER DE QUILICHAO,EXTRAORDINARIO,MASCULINO,INDIVIDUAL,PRIMERA VEZ
11/06/2024,41,HUILA,41615,RIVERA,18,CAQUETA,18150,CARTAGENA DEL CHAIRA,EXTRAORDINARIO,MASCULINO,INDIVIDUAL,PRIMERA VEZ
11/06/2024,11,BOGOTA,11001,BOGOTA,11,BOGOTA,11001,BOGOTA,EXTRAORDINARIO,MASCULINO,INDIVIDUAL,PRIMERA VEZ
11/06/2024,19,CAUCA,19001,POPAYAN,,N/A,,N/A,NO REPORTA,MASCULINO,INDIVIDUAL,TEMPORALIDAD
11/06/2024,11,BOGOTA,11001,BOGOTA,11,BOGOTA,11001,BOGOTA,EXTRAORDINARIO,MASCULINO,INDIVIDUAL,PRIMERA VEZ
11/06/2024,,N/A,,N/A,,N/A,,N/A,FINALIZAR,MASCULINO,INDIVIDUAL,TEMPORALIDAD
11/06/2024,76,VALLE DEL CAUCA,76001,CALI,76,VALLE DEL CAUCA,76001,CALI,EXTRAORDINARIO,MASCULINO,INDIVIDUAL,TEMPORALIDAD
11/06/2024,52,NARINO,52835,TUMACO,52,NARINO,52835,TUMACO,EXTRAORDINARIO,MASCULINO,INDIVIDUAL,TEMPORALIDAD
11/06/2024,25,CUNDINAMARCA,25754,SOACHA,,N/A,,N/A,NO REPORTA,MASCULINO,INDIVIDUAL,PRIMERA VEZ
11/06/2024,41,HUILA,41001,NEIVA,,N/A,,N/A,NO REPORTA,MASCULINO,INDIVIDUAL,PRIMERA VEZ
11/06/2024,41,HUILA,41001,NEIVA,41,HUILA,41524,PALERMO,NO REPORTA,MASCULINO,INDIVIDUAL,TEMPORALIDAD
11/06/2024,73,TOLIMA,73001,IBAGUE,,N/A,,N/A,NO REPORTA,N/A,COLECTIVO,TEMPORALIDAD
11/06/2024,50,META,50711,VISTA HERMOSA,81,ARAUCA,81794,TAME,EXTRAORDINARIO,MASCULINO,INDIVIDUAL,PRIMERA VEZ
11/06/2024,85,CASANARE,85001,YOPAL,85,CASANARE,85001,YOPAL,EXTRAORDINARIO,MASCULINO,INDIVIDUAL,PRIMERA VEZ
11/06/2024,19,CAUCA,19137,CALDONO,19,CAUCA,19142,CALOTO,EXTRAORDINARIO,MASCULINO,INDIVIDUAL,PRIMERA VEZ
11/06/2024,52,NARINO,52835,TUMACO,,N/A,,N/A,NO REPORTA,MASCULINO,INDIVIDUAL,HECHOS SOBREVINIENTES
11/06/2024,19,CAUCA,19698,SANTANDER DE QUILICHAO,19,CAUCA,19137,CALDONO,EXTRAORDINARIO,MASCULINO,INDIVIDUAL,PRIMERA VEZ
11/06/2024,19,CAUCA,19821,TORIBIO,,N/A,,N/A,NO REPORTA,MASCULINO,INDIVIDUAL,PRIMERA VEZ
11/06/2024,50,META,50001,VILLAVICENCIO,50,META,50001,VILLAVICENCIO,EXTRAORDINARIO DE GENERO,FEMENINO,INDIVIDUAL,PRIMERA VEZ
11/06/2024,95,GUAVIARE,95001,SAN JOSE DEL GUAVIARE,,N/A,,N/A,NO REPORTA,FEMENINO,INDIVIDUAL,PRIMERA VEZ
11/06/2024,66,RISARALDA,66572,PUEBLO RICO,66,RISARALDA,66572,PUEBLO RICO,EXTRAORDINARIO,MASCULINO,INDIVIDUAL,TEMPORALIDAD
11/06/2024,76,VALLE DEL CAUCA,76111,BUGA,76,VALLE DEL CAUCA,76113,BUGA,EXTRAORDINARIO,MASCULINO,INDIVIDUAL,TEMPORALIDAD
11/06/2024,50,META,5313,GRANADA,95,GUAVIARE,95025,EL RETORNO,EXTRAORDINARIO,FEMENINO,INDIVIDUAL,PRIMERA VEZ
05/06/2024,54,NORTE DE SANTANDER,54001,CUCUTA,,N/A,,N/A,NO REPORTA,FEMENINO,INDIVIDUAL,PRIMERA VEZ
05/06/2024,68,SANTANDER,68655,SABANA DE TORRES,68,SANTANDER,68655,SABANA DE TORRES,ORDINARIO,MASCULINO,INDIVIDUAL,HECHOS SOBREVINIENTES
05/06/2024,20,CESAR,44560,MANAURE,70,SUCRE,70418,LOS PALMITOS,NO REPORTA,MASCULINO,INDIVIDUAL,NO REPORTA
05/06/2024,8,ATLANTICO,8001,BARRANQUILLA,,N/A,,N/A,NO REPORTA,MASCULINO,INDIVIDUAL,TEMPORALIDAD
05/06/2024,18,CAQUETA,18001,FLORENCIA,18,CAQUETA,18001,FLORENCIA,ORDINARIO,MASCULINO,INDIVIDUAL,TEMPORALIDAD
05/06/2024,76,VALLE DEL CAUCA,76001,CALI,19,CAUCA,19001,POPAYAN,NO REPORTA,FEMENINO,INDIVIDUAL,HECHOS SOBREVINIENTES
05/06/2024,50,META,5313,GRANADA,50,META,50577,PUERTO LLERAS,EXTRAORDINARIO,MASCULINO,INDIVIDUAL,PRIMERA VEZ
05/06/2024,20,CESAR,20570,PUEBLO BELLO,20,CESAR,20570,PUEBLO BELLO,ORDINARIO,MASCULINO,INDIVIDUAL,HECHOS SOBREVINIENTES
05/06/2024,5,ANTIOQUIA,5308,GIRARDOTA,18,CAQUETA,18205,CURILLO,EXTRAORDINARIO,MASCULINO,INDIVIDUAL,PRIMERA VEZ
05/06/2024,5,ANTIOQUIA,5040,ANORI,5,ANTIOQUIA,5475,MURINDO,ORDINARIO,FEMENINO,INDIVIDUAL,TEMPORALIDAD
05/06/2024,76,VALLE DEL CAUCA,76001,CALI,76,VALLE DEL CAUCA,76001,CALI,NO REPORTA,MASCULINO,INDIVIDUAL,PRIMERA VEZ
05/06/2024,52,NARINO,52001,PASTO,52,NARINO,25612,RICAURTE,EXTRAORDINARIO,MASCULINO,INDIVIDUAL,PRIMERA VEZ
05/06/2024,76,VALLE DEL CAUCA,76863,VERSALLES,,N/A,,N/A,NO REPORTA,FEMENINO,INDIVIDUAL,HECHOS SOBREVINIENTES
05/06/2024,95,GUAVIARE,95001,SAN JOSE DEL GUAVIARE,,N/A,,N/A,NO REPORTA,MASCULINO,INDIVIDUAL,PRIMERA VEZ
05/06/2024,18,CAQUETA,18001,FLORENCIA,18,CAQUETA,18001,FLORENCIA,ORDINARIO,MASCULINO,INDIVIDUAL,PRIMERA VEZ
05/06/2024,13,BOLIVAR,13657,SAN JUAN DE NEPOMUCENO,13,BOLIVAR,13657,SAN JUAN DE NEPOMUCENO,EXTRAORDINARIO,MASCULINO,INDIVIDUAL,TEMPORALIDAD
05/06/2024,11,BOGOTA,11001,BOGOTA,,N/A,,N/A,NO REPORTA,FEMENINO,INDIVIDUAL,TEMPORALIDAD
05/06/2024,25,CUNDINAMARCA,25875,VILLETA,25,CUNDINAMARCA,25489,NIMAIMA,EXTRAORDINARIO,MASCULINO,INDIVIDUAL,PRIMERA VEZ
05/06/2024,50,META,50350,LA MACARENA,,N/A,,N/A,N/A,MASCULINO,INDIVIDUAL,TEMPORALIDAD
05/06/2024,86,PUTUMAYO,86757,SAN MIGUEL,,N/A,,N/A,FINALIZAR,MASCULINO,INDIVIDUAL,HECHOS SOBREVINIENTES
05/06/2024,18,CAQUETA,18247,EL DONCELLO,18,CAQUETA,18247,EL DONCELLO,EXTRAORDINARIO,N/A,COLECTIVO,PRIMERA VEZ
05/06/2024,19,CAUCA,19001,POPAYAN,,N/A,,N/A,N/A,MASCULINO,INDIVIDUAL,PRIMERA VEZ
05/06/2024,50,META,50350,LA MACARENA,41,HUILA,41551,PITALITO,EXTRAORDINARIO,N/A,COLECTIVO,PRIMERA VEZ
05/06/2024,25,CUNDINAMARCA,25754,SOACHA,25,CUNDINAMARCA,25754,SOACHA,N/A,FEMENINO,INDIVIDUAL,TEMPORALIDAD
05/06/2024,19,CAUCA,,N/A,41,HUILA,41006,ACEVEDO,N/A,MASCULINO,INDIVIDUAL,PRIMERA VEZ
05/06/2024,19,CAUCA,19397,LA VEGA,19,CAUCA,19397,LA VEGA,N/A,FEMENINO,INDIVIDUAL,PRIMERA VEZ
05/06/2024,95,GUAVIARE,95001,SAN JOSE DEL GUAVIARE,50,META,50001,VILLAVICENCIO,EXTRAORDINARIO,MASCULINO,INDIVIDUAL,PRIMERA VEZ
05/06/2024,18,CAQUETA,18247,EL DONCELLO,18,CAQUETA,18247,EL DONCELLO,EXTRAORDINARIO,MASCULINO,INDIVIDUAL,TEMPORALIDAD
05/06/2024,97,VAUPES,97001,MITU,97,VAUPES,97001,MITU,EXTRAORDINARIO,MASCULINO,INDIVIDUAL,PRIMERA VEZ
05/06/2024,95,GUAVIARE,95001,SAN JOSE DEL GUAVIARE,95,GUAVIARE,95001,SAN JOSE DEL GUAVIARE,EXTRAORDINARIO,MASCULINO,INDIVIDUAL,PRIMERA VEZ
05/06/2024,41,HUILA,41001,NEIVA,41,HUILA,41020,ALGECIRAS,N/A,MASCULINO,INDIVIDUAL,HECHOS SOBREVINIENTES
05/06/2024,19,CAUCA,19137,CALDONO,19,CAUCA,19137,CALDONO,EXTRAORDINARIO,MASCULINO,INDIVIDUAL,PRIMERA VEZ
05/06/2024,19,CAUCA,19780,SUAREZ,19,CAUCA,19137,CALDONO,EXTRAORDINARIO,FEMENINO,INDIVIDUAL,PRIMERA VEZ
05/06/2024,68,SANTANDER,68001,BUCARAMANGA,,N/A,,N/A,NO REPORTA,MASCULINO,INDIVIDUAL,TEMPORALIDAD
05/06/2024,18,CAQUETA,18256,PAUJIL,18,CAQUETA,18150,CARTAGENA DEL CHAIRA,EXTRAORDINARIO,MASCULINO,INDIVIDUAL,TEMPORALIDAD
05/06/2024,25,CUNDINAMARCA,25053,ARBELAEZ,25,CUNDINAMARCA,25290,FUSAGASUGA,N/A,N/A,SEDES Y RESIDENCIAS,PRIMERA VEZ
05/06/2024,76,VALLE DEL CAUCA,76001,CALI,,N/A,,N/A,N/A,MASCULINO,INDIVIDUAL,PRIMERA VEZ
20/05/2024,25,CUNDINAMARCA,25513,PACHO,25,CUNDINAMARCA,25823,TOPAIPI,EXTRAORDINARIO,MASCULINO,INDIVIDUAL,NO REPORTA
11/06/2024,50,META,50006,ACACIAS,50,META,50330,MESETAS,EXTRAORDINARIO DE GENERO,FEMENINO,INDIVIDUAL,TEMPORALIDAD
11/06/2024,52,NARINO,52835,TUMACO,52,NARINO,52835,TUMACO,EXTRAORDINARIO,MASCULINO,INDIVIDUAL,TEMPORALIDAD
14/05/2024,50,META,50330,MESETAS,50,META,50330,MESETAS,EXTRAORDINARIO DE GENERO,FEMENINO,INDIVIDUAL,PRIMERA VEZ
14/05/2024,95,GUAVIARE,13140,CALAMAR,81,ARAUCA,81300,FORTUL,EXTRAORDINARIO,N/A,COLECTIVO,PRIMERA VEZ
14/05/2024,19,CAUCA,19256,TAMBO,19,CAUCA,19256,EL TAMBO,EXTRAORDINARIO,FEMENINO,INDIVIDUAL,PRIMERA VEZ
14/05/2024,19,CAUCA,19142,CALOTO,19,CAUCA,19137,CALDONO,EXTRAORDINARIO,N/A,COLECTIVO,PRIMERA VEZ
14/05/2024,25,CUNDINAMARCA,25754,SOACHA,18,CAQUETA,18753,SAN VICENTE DEL CAGUAN,EXTRAORDINARIO,MASCULINO,INDIVIDUAL,PRIMERA VEZ
14/05/2024,11,BOGOTA,11001,BOGOTA,,N/A,,N/A,EXTRAORDINARIO,N/A,SEDES Y RESIDENCIAS,PRIMERA VEZ
14/05/2024,73,TOLIMA,73226,CUNDAY,73,TOLIMA,73226,CUNDAY,EXTRAORDINARIO,MASCULINO,INDIVIDUAL,PRIMERA VEZ
14/05/2024,50,META,50251,EL CASTILLO,50,META,50251,EL CASTILLO,EXTRAORDINARIO,MASCULINO,INDIVIDUAL,PRIMERA VEZ
31/05/2024,5,ANTIOQUIA,5107,BRICENO,5,ANTIOQUIA,5107,BRICENO,EXTRAORDINARIO,MASCULINO,INDIVIDUAL,PRIMERA VEZ
14/05/2024,76,VALLE DEL CAUCA,76001,CALI,41,HUILA,41396,LA PLATA,EXTRAORDINARIO,MASCULINO,INDIVIDUAL,PRIMERA VEZ
28/05/2024,86,PUTUMAYO,86569,PUERTO CAICEDO,86,PUTUMAYO,86569,PUERTO CAICEDO,EXTRAORDINARIO,MASCULINO,INDIVIDUAL,PRIMERA VEZ
07/05/2024,76,VALLE DEL CAUCA,76233,DAGUA,76,VALLE DEL CAUCA,76233,DAGUA,EXTRAORDINARIO,MASCULINO,INDIVIDUAL,NO REPORTA
07/05/2024,73,TOLIMA,73352,ICONONZO,73,TOLIMA,73352,ICONONZO,EXTRAORDINARIO DE GENERO,LGTBIQ+,INDIVIDUAL,NO REPORTA
07/05/2024,11,BOGOTA,11001,BOGOTA,11,BOGOTA,11001,BOGOTA,EXTRAORDINARIO,MASCULINO,INDIVIDUAL,NO REPORTA
07/05/2024,70,SUCRE,70204,COLOSO,70,SUCRE,70204,COLOSO,EXTRAORDINARIO,MASCULINO,INDIVIDUAL,NO REPORTA
07/05/2024,8,ATLANTICO,8001,BARRANQUILLA,13,BOLIVAR,13244,EL CARMEN DE BOLIVAR,EXTRAORDINARIO,N/A,COLECTIVO,PRIMERA VEZ
07/05/2024,5,ANTIOQUIA,5107,BRICENO,5,ANTIOQUIA,5107,BRICENO,EXTRAORDINARIO,N/A,COLECTIVO,TEMPORALIDAD
07/05/2024,52,NARINO,52001,PASTO,52,NARINO,52079,BARBACOAS,EXTRAORDINARIO,N/A,COLECTIVO,TEMPORALIDAD
30/04/2024,19,CAUCA,19001,POPAYAN,19,CAUCA,19130,CAJIBIO,EXTRAORDINARIO,MASCULINO,INDIVIDUAL,PRIMERA VEZ
30/04/2024,76,VALLE DEL CAUCA,76563,PRADERA,76,VALLE DEL CAUCA,76563,PRADERA,EXTRAORDINARIO,N/A,COLECTIVO,PRIMERA VEZ
30/04/2024,11,BOGOTA,11001,BOGOTA,11,BOGOTA,11001,BOGOTA,EXTRAORDINARIO,MASCULINO,INDIVIDUAL,TEMPORALIDAD
30/04/2024,19,CAUCA,19532,PATIA,19,CAUCA,19532,PATIA,EXTRAORDINARIO,N/A,COLECTIVO,TEMPORALIDAD
30/04/2024,19,CAUCA,19455,MIRANDA,19,CAUCA,19821,TORIBIO,EXTRAORDINARIO,MASCULINO,INDIVIDUAL,PRIMERA VEZ
30/04/2024,76,VALLE DEL CAUCA,76109,BUENAVENTURA,,N/A,,N/A,EXTRAORDINARIO,MASCULINO,INDIVIDUAL,TEMPORALIDAD
30/04/2024,18,CAQUETA,18256,PAUJIL,18,CAQUETA,18256,PAUJIL,EXTRAORDINARIO,MASCULINO,INDIVIDUAL,PRIMERA VEZ
30/04/2024,18,CAQUETA,18753,SAN VICENTE DEL CAGUAN,18,CAQUETA,18753,SAN VICENTE DEL CAGUAN,EXTRAORDINARIO,MASCULINO,INDIVIDUAL,PRIMERA VEZ
30/04/2024,41,HUILA,41357,IQUIRA,41,HUILA,41357,IQUIRA,EXTRAORDINARIO DE GENERO,FEMENINO,INDIVIDUAL,HECHOS SOBREVINIENTES
30/04/2024,68,SANTANDER,68307,GIRON,81,ARAUCA,81736,SARAVENA,EXTRAORDINARIO DE GENERO,FEMENINO,INDIVIDUAL,PRIMERA VEZ
30/04/2024,76,VALLE DEL CAUCA,76001,CALI,76,VALLE DEL CAUCA,76001,CALI,EXTRAORDINARIO DE GENERO,FEMENINO,INDIVIDUAL,PRIMERA VEZ
30/04/2024,76,VALLE DEL CAUCA,76001,CALI,76,VALLE DEL CAUCA,76001,CALI,INACTIVACION,N/A,COLECTIVO,PRIMERA VEZ
30/04/2024,52,NARINO,52835,TUMACO,52,NARINO,52835,TUMACO,EXTRAORDINARIO DE GENERO,N/A,COLECTIVO,TEMPORALIDAD
30/04/2024,52,NARINO,52835,TUMACO,52,NARINO,52835,TUMACO,EXTRAORDINARIO DE GENERO,N/A,COLECTIVO,PRIMERA VEZ
30/04/2024,11,BOGOTA,11001,BOGOTA,54,NORTE DE SANTANDER,54206,CONVENCION,EXTRAORDINARIO DE GENERO,MASCULINO,INDIVIDUAL,PRIMERA VEZ
30/04/2024,54,NORTE DE SANTANDER,54001,CUCUTA,54,NORTE DE SANTANDER,54405,LOS PATIOS,EXTRAORDINARIO DE GENERO,MASCULINO,INDIVIDUAL,HECHOS SOBREVINIENTES
30/04/2024,27,CHOCO,27001,QUIBDO,27,CHOCO,27001,QUIBDO,EXTRAORDINARIO DE GENERO,MASCULINO,INDIVIDUAL,HECHOS SOBREVINIENTES
22/04/2024,19,CAUCA,19001,POPAYAN,19,CAUCA,19743,SILVIA,EXTRAORDINARIO,MASCULINO,INDIVIDUAL,NO REPORTA
22/04/2024,95,GUAVIARE,95001,SAN JOSE DEL GUAVIARE,95,GUAVIARE,95001,SAN JOSE DEL GUAVIARE,EXTRAORDINARIO,N/A,COLECTIVO,NO REPORTA
22/04/2024,47,MAGDALENA,47001,SANTA MARTHA,,N/A,,N/A,EXTRAORDINARIO,MASCULINO,INDIVIDUAL,NO REPORTA
22/04/2024,44,LA GUAJIRA,44279,FONSECA,44,LA GUAJIRA,44279,FONSECA,EXTRAORDINARIO,MASCULINO,INDIVIDUAL,NO REPORTA
22/04/2024,18,CAQUETA,18001,FLORENCIA,86,PUTUMAYO,86568,PUERTO ASIS,EXTRAORDINARIO,MASCULINO,INDIVIDUAL,PRIMERA VEZ
22/04/2024,54,NORTE DE SANTANDER,54001,CUCUTA,54,NORTE DE SANTANDER,54405,LOS PATIOS,EXTRAORDINARIO,N/A,COLECTIVO,PRIMERA VEZ
16/04/2024,13,BOLIVAR,13160,CANTAGALLO,,N/A,,N/A,NO REPORTA,MASCULINO,INDIVIDUAL,NO REPORTA
16/04/2024,5,ANTIOQUIA,5001,MEDELLIN,5,ANTIOQUIA,5001,MEDELLIN,EXTRAORDINARIO,MASCULINO,INDIVIDUAL,TEMPORALIDAD
16/04/2024,76,VALLE DEL CAUCA,76001,CALI,76,VALLE DEL CAUCA,76001,CALI,EXTRAORDINARIO,N/A,COLECTIVO,PRIMERA VEZ
16/04/2024,5,ANTIOQUIA,5284,FRONTINO,5,ANTIOQUIA,5284,FRONTINO,EXTRAORDINARIO,MASCULINO,INDIVIDUAL,TEMPORALIDAD
16/04/2024,50,META,50251,CASTILLO,50,META,50251,CASTILLO,EXTRAORDINARIO,MASCULINO,INDIVIDUAL,PRIMERA VEZ
16/04/2024,19,CAUCA,19001,POPAYAN,19,CAUCA,19001,POPAYAN,EXTRAORDINARIO,MASCULINO,INDIVIDUAL,TEMPORALIDAD
16/04/2024,73,TOLIMA,73026,ALVARADO,18,CAQUETA,18410,MONTANITA,EXTRAORDINARIO,N/A,COLECTIVO,PRIMERA VEZ
16/04/2024,41,HUILA,41001,NEIVA,41,HUILA,41001,NEIVA,EXTRAORDINARIO,MASCULINO,INDIVIDUAL,PRIMERA VEZ
16/04/2024,41,HUILA,41001,NEIVA,41,HUILA,41001,NEIVA,EXTRAORDINARIO,MASCULINO,INDIVIDUAL,HECHOS SOBREVINIENTES
16/04/2024,5,ANTIOQUIA,5847,URRAO,5,ANTIOQUIA,5847,URRAO,EXTRAORDINARIO,MASCULINO,INDIVIDUAL,PRIMERA VEZ
16/04/2024,5,ANTIOQUIA,5819,TOLEDO,5,ANTIOQUIA,5819,TOLEDO,EXTRAORDINARIO,FEMENINO,INDIVIDUAL,PRIMERA VEZ
16/04/2024,73,TOLIMA,73352,ICONONZO,41,HUILA,41001,NEIVA,EXTRAORDINARIO,MASCULINO,INDIVIDUAL,PRIMERA VEZ
16/04/2024,50,META,50001,VILLAVICENCIO,81,ARAUCA,81001,ARAUCA,EXTRAORDINARIO,MASCULINO,INDIVIDUAL,PRIMERA VEZ
16/04/2024,50,META,50370,URIBE,81,ARAUCA,81794,TAME,EXTRAORDINARIO,FEMENINO,INDIVIDUAL,PRIMERA VEZ
16/04/2024,41,HUILA,41357,IQUIRA,41,HUILA,41357,IQUIRA,EXTRAORDINARIO,MASCULINO,INDIVIDUAL,HECHOS SOBREVINIENTES
16/04/2024,73,TOLIMA,73616,RIOBLANCO,73,TOLIMA,73616,RIOBLANCO,EXTRAORDINARIO,MASCULINO,INDIVIDUAL,HECHOS SOBREVINIENTES
16/04/2024,54,NORTE DE SANTANDER,54001,CUCUTA,,N/A,,N/A,INACTIVACION,FEMENINO,INDIVIDUAL,PRIMERA VEZ
16/04/2024,50,META,50330,MESETAS,50,META,50330,MESETAS,INACTIVACION,FEMENINO,INDIVIDUAL,PRIMERA VEZ
16/04/2024,8,ATLANTICO,8758,SOLEDAD,8,ATLANTICO,8758,SOLEDAD,EXTRAORDINARIO,FEMENINO,INDIVIDUAL,PRIMERA VEZ
16/04/2024,44,LA GUAJIRA,44279,FONSECA,44,LA GUAJIRA,44279,FONSECA,EXTRAORDINARIO,FEMENINO,INDIVIDUAL,PRIMERA VEZ
16/04/2024,8,ATLANTICO,8296,GALAPA,8,ATLANTICO,8296,GALAPA,ORDINARIO,N/A,COLECTIVO,TEMPORALIDAD
16/04/2024,50,META,50001,VILLAVICENCIO,81,ARAUCA,81065,ARAUQUITA,EXTRAORDINARIO,MASCULINO,INDIVIDUAL,PRIMERA VEZ
16/04/2024,11,BOGOTA,11001,BOGOTA,81,ARAUCA,81065,ARAUQUITA,EXTRAORDINARIO,MASCULINO,INDIVIDUAL,PRIMERA VEZ
16/04/2024,50,META,50330,MESETAS,81,ARAUCA,81065,ARAUQUITA,EXTRAORDINARIO,MASCULINO,INDIVIDUAL,PRIMERA VEZ
16/04/2024,66,RISARALDA,66001,PEREIRA,,N/A,,N/A,INACTIVACION,FEMENINO,INDIVIDUAL,PRIMERA VEZ
16/04/2024,86,PUTUMAYO,86001,MOCOA,86,PUTUMAYO,86001,MOCOA,EXTRAORDINARIO,MASCULINO,INDIVIDUAL,PRIMERA VEZ
16/04/2024,19,CAUCA,19137,CALDONO,19,CAUCA,19137,CALDONO,EXTRAORDINARIO,N/A,SEDES Y RESIDENCIAS,PRIMERA VEZ
16/04/2024,25,CUNDINAMARCA,25805,TIBACUY,50,META,18592,PUERTO RICO,EXTRAORDINARIO,MASCULINO,INDIVIDUAL,PRIMERA VEZ
16/04/2024,25,CUNDINAMARCA,25754,SOACHA,25,CUNDINAMARCA,25754,SOACHA,ETRAORDINARIO DE GENERO,FEMENINO,INDIVIDUAL,PRIMERA VEZ
16/04/2024,76,VALLE DEL CAUCA,76233,DAGUA,76,VALLE DEL CAUCA,76233,DAGUA,EXTRAORDINARIO,MASCULINO,INDIVIDUAL,HECHOS SOBREVINIENTES
16/04/2024,76,VALLE DEL CAUCA,76001,CALI,76,VALLE DEL CAUCA,76001,CALI,EXTRAORDINARIO,N/A,COLECTIVO,PRIMERA VEZ
16/04/2024,5,ANTIOQUIA,5001,MEDELLIN,,N/A,,N/A,INACTIVACION,FEMENINO,INDIVIDUAL,PRIMERA VEZ
16/04/2024,19,CAUCA,19698,SANTANDER DE QUILICHAO,19,CAUCA,19137,CALDONO,EXTRAORDINARIO,FEMENINO,INDIVIDUAL,PRIMERA VEZ
16/04/2024,76,VALLE DEL CAUCA,76001,CALI,19,CAUCA,19809,TIMBIQUI,EXTRAORDINARIO,MASCULINO,INDIVIDUAL,PRIMERA VEZ
16/04/2024,76,VALLE DEL CAUCA,76001,CALI,,N/A,,N/A,INACTIVACION,N/A,SEDES Y RESIDENCIAS,PRIMERA VEZ
16/04/2024,25,CUNDINAMARCA,25377,LA CALERA,25,CUNDINAMARCA,25377,LA CALERA,EXTRAORDINARIO,MASCULINO,INDIVIDUAL,TEMPORALIDAD
16/04/2024,27,CHOCO,27001,QUIBDO,,N/A,,N/A,INACTIVACION,MASCULINO,INDIVIDUAL,PRIMERA VEZ
16/04/2024,63,QUINDIO,5059,ARMENIA,,N/A,,N/A,INACTIVACION,MASCULINO,INDIVIDUAL,TEMPORALIDAD
16/04/2024,68,SANTANDER,68001,BUCARAMANGA,,N/A,,N/A,INACTIVACION,MASCULINO,INDIVIDUAL,HECHOS SOBREVINIENTES
16/04/2024,13,BOLIVAR,13654,SAN JACINTO,13,BOLIVAR,13654,SAN JACINTO,EXTRAORDINARIO,MASCULINO,INDIVIDUAL,PRIMERA VEZ
16/04/2024,19,CAUCA,19256,EL TAMBO,19,CAUCA,19256,EL TAMBO,INACTIVACION,N/A,COLECTIVO,HECHOS SOBREVINIENTES
16/04/2024,19,CAUCA,19698,SANTANDER DE QUILICHAO,19,CAUCA,19698,SANTANDER DE QUILICHAO,EXTRAORDINARIO,MASCULINO,INDIVIDUAL,PRIMERA VEZ
16/04/2024,19,CAUCA,19142,CALOTO,19,CAUCA,19142,CALOTO,EXTRAORDINARIO,MASCULINO,INDIVIDUAL,HECHOS SOBREVINIENTES
16/04/2024,5,ANTIOQUIA,5001,MEDELLIN,5,ANTIOQUIA,5001,MEDELLIN,EXTRAORDINARIO,MASCULINO,INDIVIDUAL,PRIMERA VEZ
16/04/2024,68,SANTANDER,68081,BARRANCABERMEJA,,N/A,,N/A,INACTIVACION,N/A,SEDES Y RESIDENCIAS,PRIMERA VEZ
16/04/2024,73,TOLIMA,73001,IBAGUE,73,TOLIMA,73001,IBAGUE,EXTRAORDINARIO,MASCULINO,INDIVIDUAL,PRIMERA VEZ
16/04/2024,86,PUTUMAYO,86568,PUERTO ASIS,86,PUTUMAYO,86568,PUERTO ASIS,ETRAORDINARIO DE GENERO,FEMENINO,INDIVIDUAL,HECHOS SOBREVINIENTES
16/04/2024,76,VALLE DEL CAUCA,76364,JAMUNDI,76,VALLE DEL CAUCA,76364,JAMUNDI,INACTIVACION,MASCULINO,INDIVIDUAL,PRIMERA VEZ
16/04/2024,11,BOGOTA,11001,BOGOTA,11,BOGOTA,11001,BOGOTA,EXTRAORDINARIO,MASCULINO,INDIVIDUAL,PRIMERA VEZ
16/04/2024,19,CAUCA,19698,SANTANDER DE QUILICHAO,19,CAUCA,19698,SANTANDER DE QUILICHAO,EXTRAORDINARIO,N/A,COLECTIVO,PRIMERA VEZ
16/04/2024,25,CUNDINAMARCA,25754,SOACHA,25,CUNDINAMARCA,25754,SOACHA,EXTRAORDINARIO,MASCULINO,INDIVIDUAL,PRIMERA VEZ
16/04/2024,73,TOLIMA,73675,SAN ANTONIO,73,TOLIMA,73675,SAN ANTONIO,ETRAORDINARIO DE GENERO,MASCULINO,INDIVIDUAL,PRIMERA VEZ
16/04/2024,52,NARINO,52835,TUMACO,52,NARINO,52835,TUMACO,EXTRAORDINARIO,FEMENINO,INDIVIDUAL,PRIMERA VEZ
16/04/2024,52,NARINO,52835,TUMACO,52,NARINO,52835,TUMACO,ETRAORDINARIO DE GENERO,FEMENINO,INDIVIDUAL,PRIMERA VEZ
16/04/2024,73,TOLIMA,73675,SAN ANTONIO,,N/A,,N/A,INACTIVACION,N/A,COLECTIVO,HECHOS SOBREVINIENTES
16/04/2024,41,HUILA,41078,BARAYA,41,HUILA,41078,BARAYA,EXTRAORDINARIO,MASCULINO,INDIVIDUAL,HECHOS SOBREVINIENTES
22/03/2024,27,CHOCO,27001,QUIBDO,27,CHOCO,27001,QUIBDO,EXTRAORDINARIO,N/A,SEDES Y RESIDENCIAS,PRIMERA VEZ
22/03/2024,63,QUINDIO,5059,ARMENIA,63,QUINDIO,5059,ARMENIA,EXTREMO,N/A,SEDES Y RESIDENCIAS,TEMPORALIDAD
22/03/2024,19,CAUCA,19532,PATIA,19,CAUCA,19532,PATIA,EXTRAORDINARIO,N/A,SEDES Y RESIDENCIAS,PRIMERA VEZ
22/03/2024,63,QUINDIO,63470,MONTENEGRO,63,QUINDIO,63470,MONTENEGRO,EXTRAORDINARIO,MASCULINO,INDIVIDUAL,HECHOS SOBREVINIENTES
22/03/2024,17,CALDAS,17614,RIOSUCIO,17,CALDAS,17614,RIOSUCIO,EXTRAORDINARIO,N/A,COLECTIVO,HECHOS SOBREVINIENTES
22/03/2024,66,RISARALDA,66594,QUINCHIA,66,RISARALDA,66594,QUINCHIA,EXTRAORDINARIO,MASCULINO,INDIVIDUAL,PRIMERA VEZ
03/07/2024,25,CUNDINAMARCA,25200,COGUA,5,ANTIOQUIA,5088,BELLO,N/A,MASCULINO,INDIVIDUAL,N/A
02/07/2024,11,BOGOTA,11001,BOGOTA,11,BOGOTA,11001,BOGOTA,N/A,MASCULINO,INDIVIDUAL,NO REPORTA
02/07/2024,19,CAUCA,19100,BOLIVAR,19,CAUCA,19256,EL TAMBO,N/A,MASCULINO,INDIVIDUAL,NO REPORTA
02/07/2024,41,HUILA,41001,NEIVA,18,CAQUETA,18753,SAN VICENTE DEL CAGUAN,N/A,FEMENINO,INDIVIDUAL,NO REPORTA
02/07/2024,68,SANTANDER,68081,BARRANCABERMEJA,68,SANTANDER,68081,BARRANCABERMEJA,N/A,MASCULINO,INDIVIDUAL,NO REPORTA
25/06/2024,50,META,50400,LEJANIAS,25,CUNDINAMARCA,25290,FUSAGASUGA,NO REPORTA,MASCULINO,INDIVIDUAL,NO REPORTA
25/06/2024,52,NARINO,52227,CUMBAL,52,NARINO,52227,CUMBAL,NO REPORTA,MASCULINO,INDIVIDUAL,NO REPORTA
25/06/2024,13,BOLIVAR,13244,EL CARMEN DE BOLIVAR,70,SUCRE,70230,CHALAN,NO REPORTA,MASCULINO,INDIVIDUAL,NO REPORTA
25/06/2024,50,META,50711,VISTAHERMOSA,50,META,50711,VISTAHERMOSA,NO REPORTA,MASCULINO,INDIVIDUAL,NO REPORTA
25/06/2024,15,BOYACA,15276,FLORESTA,15,BOYACA,15276,FLORESTA,NO REPORTA,MASCULINO,INDIVIDUAL,NO REPORTA
25/06/2024,11,BOGOTA,11001,BOGOTA,81,ARAUCA,81065,ARAUQUITA,NO REPORTA,MASCULINO,INDIVIDUAL,NO REPORTA
19/06/2024,50,META,20770,SAN MARTIN,,N/A,,N/A,NO REPORTA,N/A,COLECTIVO,NO REPORTA
19/06/2024,5,ANTIOQUIA,5318,GUARNE,5,ANTIOQUIA,5604,REMEDIOS,NO REPORTA,FEMENINO,INDIVIDUAL,NO REPORTA
19/06/2024,70,SUCRE,70418,LOS PALMITOS,13,BOLIVAR,13244,EL CARMEN DE BOLIVAR,NO REPORTA,FEMENINO,INDIVIDUAL,NO REPORTA
19/06/2024,5,ANTIOQUIA,5001,MEDELLIN,5,ANTIOQUIA,,N/A,NO REPORTA,MASCULINO,INDIVIDUAL,NO REPORTA
19/06/2024,76,VALLE DEL CAUCA,76036,ANDALUCIA,76,VALLE DEL CAUCA,76036,ANDALUCIA,NO REPORTA,FEMENINO,INDIVIDUAL,NO REPORTA
19/06/2024,27,CHOCO,27001,QUIBDO,27,CHOCO,27001,QUIBDO,NO REPORTA,MASCULINO,INDIVIDUAL,NO REPORTA
19/06/2024,5,ANTIOQUIA,5107,BRICENO,5,ANTIOQUIA,5107,BRICENO,NO REPORTA,MASCULINO,INDIVIDUAL,NO REPORTA
11/06/2024,17,CALDAS,17088,BELALCAZAR,17,CALDAS,17088,BELALCAZAR,NO REPORTA,FEMENINO,INDIVIDUAL,NO REPORTA
05/06/2024,68,SANTANDER,68418,LOS SANTOS,68,SANTANDER,68820,TONA,NO REPORTA,MASCULINO,INDIVIDUAL,NO REPORTA
05/06/2024,76,VALLE DEL CAUCA,76001,CALI,76,VALLE DEL CAUCA,76001,CALI,NO REPORTA,MASCULINO,INDIVIDUAL,NO REPORTA
05/06/2024,25,CUNDINAMARCA,25754,SOACHA,81,ARAUCA,81065,ARAUQUITA,NO REPORTA,MASCULINO,INDIVIDUAL,NO REPORTA
05/06/2024,41,HUILA,41001,NEIVA,,N/A,,N/A,NO REPORTA,MASCULINO,INDIVIDUAL,NO REPORTA
05/06/2024,50,META,5313,GRANADA,50,META,50330,MESETAS,NO REPORTA,MASCULINO,INDIVIDUAL,NO REPORTA
05/06/2024,73,TOLIMA,73001,IBAGUE,73,TOLIMA,73236,DOLORES,NO REPORTA,MASCULINO,INDIVIDUAL,NO REPORTA
05/06/2024,41,HUILA,41551,PITALITO,41,HUILA,41551,PITALITO,NO REPORTA,MASCULINO,INDIVIDUAL,NO REPORTA
05/06/2024,50,META,50711,VISTAHERMOSA,50,META,50711,VISTAHERMOSA,NO REPORTA,MASCULINO,INDIVIDUAL,NO REPORTA
05/06/2024,19,CAUCA,19137,CALDONO,19,CAUCA,19137,CALDONO,NO REPORTA,FEMENINO,INDIVIDUAL,NO REPORTA
05/06/2024,68,SANTANDER,68307,GIRON,68,SANTANDER,68307,GIRON,NO REPORTA,MASCULINO,INDIVIDUAL,NO REPORTA
05/06/2024,20,CESAR,20001,VALLEDUPAR,20,CESAR,20001,VALLEDUPAR,NO REPORTA,MASCULINO,INDIVIDUAL,NO REPORTA
05/06/2024,52,NARINO,52835,TUMACO,52,NARINO,52835,TUMACO,NO REPORTA,MASCULINO,INDIVIDUAL,NO REPORTA
05/06/2024,41,HUILA,41001,NEIVA,41,HUILA,41001,NEIVA,NO REPORTA,MASCULINO,INDIVIDUAL,NO REPORTA
27/05/2024,,N/A,,N/A,,N/A,,N/A,NO REPORTA,MASCULINO,INDIVIDUAL,NO REPORTA
27/05/2024,86,PUTUMAYO,86568,PUERTO ASIS,86,PUTUMAYO,86568,PUERTO ASIS,NO REPORTA,MASCULINO,INDIVIDUAL,NO REPORTA
27/05/2024,25,CUNDINAMARCA,25878,VIOTA,25,CUNDINAMARCA,25878,VIOTA,NO REPORTA,MASCULINO,INDIVIDUAL,NO REPORTA
27/05/2024,19,CAUCA,19256,EL TAMBO,19,CAUCA,19256,EL TAMBO,NO REPORTA,MASCULINO,INDIVIDUAL,NO REPORTA
27/05/2024,52,NARINO,52835,TUMACO,52,NARINO,52835,TUMACO,NO REPORTA,MASCULINO,INDIVIDUAL,NO REPORTA
27/05/2024,5,ANTIOQUIA,5001,MEDELLIN,5,ANTIOQUIA,5040,ANORI,NO REPORTA,FEMENINO,INDIVIDUAL,NO REPORTA
27/05/2024,19,CAUCA,19807,TIMBIO,19,CAUCA,19622,ROSAS,NO REPORTA,MASCULINO,INDIVIDUAL,NO REPORTA
27/05/2024,66,RISARALDA,66572,PUEBLO RICO,,N/A,,N/A,NO REPORTA,N/A,COLECTIVO,NO REPORTA
20/05/2024,44,LA GUAJIRA,44279,FONSECA,44,LA GUAJIRA,44430,MAICAO,NO REPORTA,MASCULINO,INDIVIDUAL,NO REPORTA
20/05/2024,50,META,50001,VILLAVICENCIO,95,GUAVIARE,95001,SAN JOSE DEL GUAVIARE,NO REPORTA,MASCULINO,INDIVIDUAL,NO REPORTA
20/05/2024,,N/A,,N/A,,N/A,,N/A,N/A,MASCULINO,INDIVIDUAL,NO REPORTA
20/05/2024,81,ARAUCA,81736,SARAVENA,81,ARAUCA,81736,SARAVENA,EXTRAORDINARIO,N/A,COLECTIVO,NO REPORTA
07/05/2024,19,CAUCA,19785,SUCRE,19,CAUCA,19785,SUCRE,EXTRAORDINARIO,MASCULINO,INDIVIDUAL,NO REPORTA
07/05/2024,44,LA GUAJIRA,44279,FONSECA,44,LA GUAJIRA,44279,FONSECA,EXTRAORDINARIO,N/A,COLECTIVO,NO REPORTA
07/05/2024,68,SANTANDER,68655,SABANA DE TORRES,,N/A,,N/A,ORDINARIO,N/A,COLECTIVO,NO REPORTA
07/05/2024,73,TOLIMA,73449,MELGAR,73,TOLIMA,73352,ICONONZO,EXTRAORDINARIO,MASCULINO,INDIVIDUAL,NO REPORTA
07/05/2024,19,CAUCA,19455,MIRANDA,,N/A,,N/A,EXTRAORDINARIO,MASCULINO,INDIVIDUAL,NO REPORTA
07/05/2024,81,ARAUCA,81065,ARAUQUITA,81,ARAUCA,81065,ARAUQUITA,ORDINARIO,MASCULINO,INDIVIDUAL,NO REPORTA
07/05/2024,70,SUCRE,70473,MORROA,70,SUCRE,70508,OVEJAS,EXTRAORDINARIO,MASCULINO,INDIVIDUAL,NO REPORTA
07/05/2024,44,LA GUAJIRA,44279,FONSECA,44,LA GUAJIRA,44279,FONSECA,EXTRAORDINARIO,MASCULINO,INDIVIDUAL,NO REPORTA
07/05/2024,41,HUILA,41001,NEIVA,,N/A,,N/A,EXTRAORDINARIO,N/A,COLECTIVO,NO REPORTA
07/05/2024,44,LA GUAJIRA,44279,FONSECA,44,LA GUAJIRA,44279,FONSECA,EXTRAORDINARIO,MASCULINO,INDIVIDUAL,NO REPORTA
07/05/2024,44,LA GUAJIRA,44279,FONSECA,44,LA GUAJIRA,44279,FONSECA,EXTRAORDINARIO,MASCULINO,INDIVIDUAL,NO REPORTA
22/04/2024,73,TOLIMA,73352,ICONONZO,73,TOLIMA,73352,ICONONZO,EXTRAORDINARIO,MASCULINO,INDIVIDUAL,NO REPORTA
22/04/2024,44,LA GUAJIRA,44279,FONSECA,44,LA GUAJIRA,44279,FONSECA,EXTRAORDINARIO,MASCULINO,INDIVIDUAL,NO REPORTA
22/04/2024,54,NORTE DE SANTANDER,54405,LOS PATIOS,54,NORTE DE SANTANDER,54405,LOS PATIOS,EXTRAORDINARIO,MASCULINO,INDIVIDUAL,NO REPORTA
22/04/2024,54,NORTE DE SANTANDER,54001,CUCUTA,54,NORTE DE SANTANDER,54001,CUCUTA,EXTRAORDINARIO,MASCULINO,INDIVIDUAL,NO REPORTA
22/04/2024,76,VALLE DEL CAUCA,76863,VERSALLES,,N/A,,N/A,EXTRAORDINARIO,FEMENINO,INDIVIDUAL,NO REPORTA
22/04/2024,76,VALLE DEL CAUCA,73622,RONCESVALLES,76,VALLE DEL CAUCA,73622,RONCESVALLES,EXTRAORDINARIO,FEMENINO,INDIVIDUAL,NO REPORTA
22/04/2024,11,BOGOTA,11001,BOGOTA,11,BOGOTA,11001,BOGOTA,EXTRAORDINARIO,MASCULINO,INDIVIDUAL,NO REPORTA
22/04/2024,73,TOLIMA,73217,COYAIMA,73,TOLIMA,73217,COYAIMA,EXTRAORDINARIO,MASCULINO,INDIVIDUAL,NO REPORTA
22/04/2024,,N/A,,N/A,,N/A,,N/A,EXTRAORDINARIO,MASCULINO,INDIVIDUAL,NO REPORTA
16/04/2024,,N/A,,N/A,,N/A,,N/A,NO REPORTA,MASCULINO,INDIVIDUAL,NO REPORTA
16/04/2024,,N/A,,N/A,95,GUAVIARE,15455,MIRAFLORES,NO REPORTA,MASCULINO,INDIVIDUAL,NO REPORTA
16/04/2024,41,HUILA,41001,NEIVA,41,HUILA,41001,NEIVA,NO REPORTA,MASCULINO,INDIVIDUAL,NO REPORTA
16/04/2024,81,ARAUCA,81300,FORTUL,95,GUAVIARE,13140,CALAMAR,NO REPORTA,MASCULINO,INDIVIDUAL,NO REPORTA
16/04/2024,,N/A,,N/A,,N/A,,N/A,NO REPORTA,MASCULINO,INDIVIDUAL,NO REPORTA
16/04/2024,73,TOLIMA,73352,ICONONZO,73,TOLIMA,73352,ICONONZO,EXTRAORDINARIO,MASCULINO,INDIVIDUAL,NO REPORTA
16/04/2024,68,SANTANDER,68001,BUCARAMANGA,54,NORTE DE SANTANDER,54206,CONVENCION,NO REPORTA,FEMENINO,INDIVIDUAL,NO REPORTA
29/01/2025,70,SUCRE,70473,MORROA,70,SUCRE,70508,OVEJAS,EXTRAORDINARIO,MASCULINO,INDIVIDUAL,HECHOS SOBREVINIENTES
31/01/2025,73,TOLIMA,73352,ICONONZO,,N/A,,N/A,INACTIVACION DEFINITIVA DE LA ORDEN DE TRABAJO,FEMENINO,INDIVIDUAL,HECHOS SOBREVINIENTES
31/01/2025,73,TOLIMA,73168,CHAPARRAL,,N/A,,N/A,INACTIVACION DEFINITIVA DE LA ORDEN DE TRABAJO,MASCULINO,INDIVIDUAL,HECHOS SOBREVINIENTES
31/01/2025,11,BOGOTA,11001,BOGOTA,11,BOGOTA,11001,BOGOTA,EXTRAORDINARIO,MASCULINO,INDIVIDUAL,HECHOS SOBREVINIENTES
31/01/2025,73,TOLIMA,73555,PLANADAS,73,TOLIMA,73555,PLANADAS,EXTRAORDINARIO,MASCULINO,INDIVIDUAL,HECHOS SOBREVINIENTES
31/01/2025,13,BOLIVAR,13688,SANTA ROSA DEL SUR,13,BOLIVAR,13688,SANTA ROSA DEL SUR,ORDINARIO,N/A,COLECTIVO,TEMPORALIDAD
31/01/2025,63,QUINDIO,5059,ARMENIA,,N/A,,N/A,INACTIVACION DEFINITIVA DE LA ORDEN DE TRABAJO,FEMENINO,INDIVIDUAL,TEMPORALIDAD
31/01/2025,73,TOLIMA,73616,RIOBLANCO,,N/A,,N/A,ORDINARIO,MASCULINO,INDIVIDUAL,TEMPORALIDAD
31/01/2025,20,CESAR,20443,MANAURE BALCON DEL CESAR,20,CESAR,20443,MANAURE BALCON DEL CESAR,EXTRAORDINARIO DE GENERO,FEMENINO,INDIVIDUAL,TEMPORALIDAD
31/01/2025,11,BOGOTA,11001,BOGOTA,11,BOGOTA,11001,BOGOTA,EXTRAORDINARIO,MASCULINO,INDIVIDUAL,TEMPORALIDAD
31/01/2025,68,SANTANDER,68001,BUCARAMANGA,,N/A,,N/A,INACTIVACION DEFINITIVA DE LA ORDEN DE TRABAJO,MASCULINO,INDIVIDUAL,HECHOS SOBREVINIENTES
31/01/2025,11,BOGOTA,11001,BOGOTA,,N/A,,N/A,INACTIVACION DEFINITIVA DE LA ORDEN DE TRABAJO,MASCULINO,INDIVIDUAL,HECHOS SOBREVINIENTES
31/01/2025,18,CAQUETA,18756,SOLANO,,N/A,,N/A,INACTIVACION DEFINITIVA DE LA ORDEN DE TRABAJO,MASCULINO,INDIVIDUAL,HECHOS SOBREVINIENTES
31/01/2025,44,LA GUAJIRA,44279,FONSECA,44,LA GUAJIRA,44279,FONSECA,EXTRAORDINARIO,MASCULINO,INDIVIDUAL,TEMPORALIDAD
31/01/2025,25,CUNDINAMARCA,25745,SIMIJACA,73,TOLIMA,73168,CHAPARRAL,EXTRAORDINARIO,MASCULINO,INDIVIDUAL,HECHOS SOBREVINIENTES
31/01/2025,11,BOGOTA,11001,BOGOTA,50,META,50001,VILLAVICENCIO,EXTRAORDINARIO,FEMENINO,INDIVIDUAL,HECHOS SOBREVINIENTES
31/01/2025,11,BOGOTA,11001,BOGOTA,,N/A,,N/A,INACTIVACION DEFINITIVA DE LA ORDEN DE TRABAJO,FEMENINO,INDIVIDUAL,TEMPORALIDAD
31/01/2025,68,SANTANDER,68081,BARRANCABERMEJA,68,SANTANDER,68081,BARRANCABERMEJA,EXTRAORDINARIO,MASCULINO,INDIVIDUAL,TEMPORALIDAD
31/01/2025,11,BOGOTA,11001,BOGOTA,,N/A,,N/A,INACTIVACION DEFINITIVA DE LA ORDEN DE TRABAJO,MASCULINO,INDIVIDUAL,TEMPORALIDAD
31/01/2025,68,SANTANDER,19100,BOLIVAR,,N/A,,N/A,EXTRAORDINARIO,FEMENINO,INDIVIDUAL,TEMPORALIDAD
31/01/2025,20,CESAR,20443,MANAURE BALCON DEL CESAR,70,SUCRE,70418,LOS PALMITOS,EXTRAORDINARIO,MASCULINO,INDIVIDUAL,HECHOS SOBREVINIENTES
31/01/2025,25,CUNDINAMARCA,25805,TIBACUY,,N/A,,N/A,INACTIVACION DEFINITIVA DE LA ORDEN DE TRABAJO,MASCULINO,INDIVIDUAL,HECHOS SOBREVINIENTES
31/01/2025,70,SUCRE,70230,CHALAN,,N/A,,N/A,INACTIVACION DEFINITIVA DE LA ORDEN DE TRABAJO,MASCULINO,INDIVIDUAL,PRIMERA VEZ
31/01/2025,13,BOLIVAR,13244,EL CARMEN DE BOLIVAR,13,BOLIVAR,13244,EL CARMEN DE BOLIVAR,EXTRAORDINARIO,N/A,COLECTIVO,PRIMERA VEZ
31/01/2025,13,BOLIVAR,13683,SANTA ROSA,13,BOLIVAR,13683,SANTA ROSA,EXTRAORDINARIO,N/A,COLECTIVO,INDIVIDUAL
31/01/2025,8,ATLANTICO,8433,MALAMBO,8,ATLANTICO,8001,BARRANQUILLA,EXTRAORDINARIO,N/A,COLECTIVO,TEMPORALIDAD
31/01/2025,44,LA GUAJIRA,44279,FONSECA,44,LA GUAJIRA,44279,FONSECA,EXTRAORDINARIO,MASCULINO,INDIVIDUAL,HECHOS SOBREVINIENTES
31/01/2025,11,BOGOTA,11001,BOGOTA,73,TOLIMA,73168,CHAPARRAL,EXTRAORDINARIO,MASCULINO,INDIVIDUAL,INDIVIDUAL
28/02/2025,73,TOLIMA,73001,IBAGUE,73,TOLIMA,73001,IBAGUE,EXTRAORDINARIO,N/A,COLECTIVO,TEMPORALIDAD
28/02/2025,11,BOGOTA,11001,BOGOTA,11,BOGOTA,11001,BOGOTA,EXTRAORDINARIO,MASCULINO,INDIVIDUAL,TEMPORALIDAD
28/02/2025,41,HUILA,41801,TERUEL,41,HUILA,41801,TERUEL,EXTRAORDINARIO,N/A,COLECTIVO,TEMPORALIDAD
28/02/2025,19,CAUCA,19821,TORIBIO,19,CAUCA,19821,TORIBIO,EXTRAORDINARIO,MASCULINO,INDIVIDUAL,PRIMERA VEZ
28/02/2025,52,NARINO,52835,TUMACO,52,NARINO,52835,TUMACO,INACTIVACION DEFINITIVA DE LA ORDEN DE TRABAJO,FEMENINO,INDIVIDUAL,HECHOS SOBREVINIENTES
28/02/2025,68,SANTANDER,68001,BUCARAMANGA,68,SANTANDER,68001,BUCARAMANGA,ORDINARIO,MASCULINO,INDIVIDUAL,TEMPORALIDAD
28/02/2025,68,SANTANDER,68001,BUCARAMANGA,,N/A,,N/A,ORDINARIO,MASCULINO,INDIVIDUAL,TEMPORALIDAD
28/02/2025,54,NORTE DE SANTANDER,54520,PAMPLONITA,68,SANTANDER,68255,EL PLAYON,ORDINARIO,MASCULINO,INDIVIDUAL,TEMPORALIDAD
28/02/2025,19,CAUCA,19137,CALDONO,19,CAUCA,19137,CALDONO,EXTRAORDINARIO,MASCULINO,COLECTIVO,PRIMERA VEZ
28/02/2025,85,CASANARE,85250,PAZ DE ARIPORO,,N/A,,N/A,INACTIVACION DEFINITIVA DE LA ORDEN DE TRABAJO,MASCULINO,INDIVIDUAL,PRIMERA VEZ
28/02/2025,19,CAUCA,19137,CALDONO,19,CAUCA,19785,SUCRE,INACTIVACION DEFINITIVA DE LA ORDEN DE TRABAJO,MASCULINO,INDIVIDUAL,HECHOS SOBREVINIENTES
28/02/2025,73,TOLIMA,73001,IBAGUE,73,TOLIMA,73319,GUAMO,EXTRAORDINARIO,MASCULINO,INDIVIDUAL,TEMPORALIDAD
28/02/2025,76,VALLE DEL CAUCA,76001,CALI,,N/A,,N/A,INACTIVACION DEFINITIVA DE LA ORDEN DE TRABAJO,MASCULINO,INDIVIDUAL,HECHOS SOBREVINIENTES
28/02/2025,76,VALLE DEL CAUCA,76001,CALI,76,VALLE DEL CAUCA,76001,CALI,EXTRAORDINARIO,MASCULINO,INDIVIDUAL,HECHOS SOBREVINIENTES
28/02/2025,76,VALLE DEL CAUCA,76834,TULUA,76,VALLE DEL CAUCA,76834,TULUA,EXTRAORDINARIO,MASCULINO,INDIVIDUAL,HECHOS SOBREVINIENTES
28/02/2025,41,HUILA,41020,ALGECIRAS,41,HUILA,41020,ALGECIRAS,INACTIVACION DEFINITIVA DE LA ORDEN DE TRABAJO,FEMENINO,INDIVIDUAL,HECHOS SOBREVINIENTES
28/02/2025,11,BOGOTA,11001,BOGOTA,11,BOGOTA,11001,BOGOTA,EXTRAORDINARIO DE GENERO,FEMENINO,INDIVIDUAL,HECHOS SOBREVINIENTES
28/02/2025,76,VALLE DEL CAUCA,76113,BUGALAGRANDE,76,VALLE DEL CAUCA,76113,BUGALAGRANDE,EXTRAORDINARIO,N/A,COLECTIVO,PRIMERA VEZ
28/02/2025,41,HUILA,41001,NEIVA,41,HUILA,41001,NEIVA,INACTIVACION DEFINITIVA DE LA ORDEN DE TRABAJO,MASCULINO,INDIVIDUAL,HECHOS SOBREVINIENTES
28/02/2025,11,BOGOTA,11001,BOGOTA,81,ARAUCA,81794,TAME,EXTRAORDINARIO,N/A,COLECTIVO,PRIMERA VEZ
28/02/2025,50,META,50001,VILLAVICENCIO,50,META,50711,VISTAHERMOSA,EXTRAORDINARIO,FEMENINO,INDIVIDUAL,PRIMERA VEZ
28/02/2025,86,PUTUMAYO,86865,VALLE DEL GUAMUEZ,86,PUTUMAYO,86865,VALLE DEL GUAMUEZ,EXTRAORDINARIO,MASCULINO,INDIVIDUAL,PRIMERA VEZ
30/03/2025,76,VALLE DEL CAUCA,76109,BUENAVENTURA,76,VALLE DEL CAUCA,76109,BUENAVENTURA,EXTRAORDINARIO,FEMENINO,INDIVIDUAL,HECHOS SOBREVINIENTES
30/03/2025,11,BOGOTA,11001,BOGOTA,11,BOGOTA,11001,BOGOTA,EXTRAORDINARIO,N/A,COLECTIVO,HECHOS SOBREVINIENTES
30/03/2025,68,SANTANDER,68307,GIRON,,N/A,,N/A,ORDINARIO,MASCULINO,INDIVIDUAL,TEMPORALIDAD
30/03/2025,76,VALLE DEL CAUCA,76563,PRADERA,76,VALLE DEL CAUCA,76563,PRADERA,EXTRAORDINARIO,FEMENINO,INDIVIDUAL,HECHOS SOBREVINIENTES
30/03/2025,76,VALLE DEL CAUCA,76233,DAGUA,76,VALLE DEL CAUCA,76233,DAGUA,EXTRAORDINARIO,FEMENINO,INDIVIDUAL,HECHOS SOBREVINIENTES
30/03/2025,5,ANTIOQUIA,5376,LA CEJA,,N/A,,N/A,INACTIVACION DEFINITIVA DE LA ORDEN DE TRABAJO,MASCULINO,INDIVIDUAL,HECHOS SOBREVINIENTES
30/03/2025,5,ANTIOQUIA,5234,DABEIBA,5,ANTIOQUIA,5234,DABEIBA,EXTRAORDINARIO,FEMENINO,INDIVIDUAL,TEMPORALIDAD
30/03/2025,52,NARINO,52835,TUMACO,52,NARINO,52835,TUMACO,EXTRAORDINARIO,N/A,COLECTIVO,PRIMERA VEZ
30/03/2025,76,VALLE DEL CAUCA,76001,CALI,76,VALLE DEL CAUCA,76233,DAGUA,EXTRAORDINARIO,MASCULINO,INDIVIDUAL,PRIMERA VEZ
30/03/2025,73,TOLIMA,73555,PLANADAS,,N/A,,N/A,INACTIVACION DEFINITIVA DE LA ORDEN DE TRABAJO,MASCULINO,INDIVIDUAL,PRIMERA VEZ
30/03/2025,73,TOLIMA,73001,IBAGUE,73,TOLIMA,73001,IBAGUE,EXTRAORDINARIO,MASCULINO,INDIVIDUAL,PRIMERA VEZ
30/03/2025,15,BOYACA,15516,PAIPA,85,CASANARE,85162,MONTERREY,EXTRAORDINARIO,MASCULINO,INDIVIDUAL,HECHOS SOBREVINIENTES
30/03/2025,11,BOGOTA,11001,BOGOTA,11,BOGOTA,11001,BOGOTA,EXTRAORDINARIO,MASCULINO,INDIVIDUAL,HECHOS SOBREVINIENTES
30/03/2025,68,SANTANDER,68001,BUCARAMANGA,,N/A,,N/A,INACTIVACION DEFINITIVA DE LA ORDEN DE TRABAJO,FEMENINO,INDIVIDUAL,HECHOS SOBREVINIENTES
30/03/2025,52,NARINO,52835,TUMACO,52,NARINO,52835,TUMACO,EXTRAORDINARIO,FEMENINO,INDIVIDUAL,TEMPORALIDAD
30/03/2025,76,VALLE DEL CAUCA,76147,CARTAGO,,N/A,,N/A,INACTIVACION DEFINITIVA DE LA ORDEN DE TRABAJO,MASCULINO,INDIVIDUAL,PRIMERA VEZ
30/03/2025,68,SANTANDER,68001,BUCARAMANGA,,N/A,,N/A,EXTRAORDINARIO,MASCULINO,INDIVIDUAL,HECHOS SOBREVINIENTES
30/03/2025,19,CAUCA,19355,INZA,19,CAUCA,15514,PAEZ,EXTRAORDINARIO,MASCULINO,INDIVIDUAL,HECHOS SOBREVINIENTES
30/03/2025,76,VALLE DEL CAUCA,76520,PALMIRA,76,VALLE DEL CAUCA,76001,CALI,EXTRAORDINARIO,N/A,COLECTIVO,HECHOS SOBREVINIENTES
30/03/2025,50,META,50006,ACACIAS,50,META,50006,ACACIAS,EXTRAORDINARIO DE GENERO,FEMENINO,INDIVIDUAL,PRIMERA VEZ
30/03/2025,86,PUTUMAYO,86571,PUERTO GUZMAN,86,PUTUMAYO,86571,PUERTO GUZMAN,EXTRAORDINARIO,MASCULINO,INDIVIDUAL,HECHOS SOBREVINIENTES
30/03/2025,86,PUTUMAYO,86568,PUERTO ASIS,86,PUTUMAYO,86568,PUERTO ASIS,EXTRAORDINARIO,MASCULINO,INDIVIDUAL,HECHOS SOBREVINIENTES
30/03/2025,68,SANTANDER,68406,LEBRIJA,68,SANTANDER,68406,LEBRIJA,EXTRAORDINARIO,MASCULINO,INDIVIDUAL,TEMPORALIDAD
30/03/2025,5,ANTIOQUIA,5670,SAN ROQUE,5,ANTIOQUIA,5670,SAN ROQUE,EXTRAORDINARIO,N/A,COLECTIVO,TEMPORALIDAD
30/03/2025,41,HUILA,41001,NEIVA,41,HUILA,41001,NEIVA,EXTRAORDINARIO,N/A,COLECTIVO,HECHOS SOBREVINIENTES
30/03/2025,68,SANTANDER,68001,BUCARAMANGA,,N/A,,N/A,EXTRAORDINARIO,MASCULINO,INDIVIDUAL,HECHOS SOBREVINIENTES
30/03/2025,76,VALLE DEL CAUCA,76001,CALI,76,VALLE DEL CAUCA,76001,CALI,EXTRAORDINARIO,N/A,COLECTIVO,PRIMERA VEZ
30/03/2025,50,META,50001,VILLAVICENCIO,50,META,50001,VILLAVICENCIO,EXTRAORDINARIO,MASCULINO,INDIVIDUAL,HECHOS SOBREVINIENTES
30/03/2025,41,HUILA,41349,HOBO,41,HUILA,41349,HOBO,INACTIVACION DEFINITIVA DE LA ORDEN DE TRABAJO,MASCULINO,INDIVIDUAL,HECHOS SOBREVINIENTES
30/03/2025,5,ANTIOQUIA,5480,MUTATA,5,ANTIOQUIA,5001,MEDELLIN,EXTRAORDINARIO,MASCULINO,INDIVIDUAL,HECHOS SOBREVINIENTES
30/03/2025,50,META,18592,PUERTO RICO,50,META,18592,PUERTO RICO,EXTRAORDINARIO,MASCULINO,INDIVIDUAL,TEMPORALIDAD
30/03/2025,50,META,50325,MAPIRIPAN,50,META,50325,MAPIRIPAN,EXTRAORDINARIO,MASCULINO,INDIVIDUAL,PRIMERA VEZ
30/03/2025,73,TOLIMA,73555,PLANADAS,,N/A,,N/A,INACTIVACION DEFINITIVA DE LA ORDEN DE TRABAJO,FEMENINO,INDIVIDUAL,HECHOS SOBREVINIENTES
30/03/2025,41,HUILA,41020,ALGECIRAS,41,HUILA,41020,ALGECIRAS,EXTRAORDINARIO,MASCULINO,INDIVIDUAL,HECHOS SOBREVINIENTES
30/03/2025,73,TOLIMA,73555,PLANADAS,73,TOLIMA,73555,PLANADAS,EXTRAORDINARIO,MASCULINO,INDIVIDUAL,PRIMERA VEZ
30/03/2025,73,TOLIMA,73352,ICONONZO,,N/A,,N/A,INACTIVACION DEFINITIVA DE LA ORDEN DE TRABAJO,MASCULINO,INDIVIDUAL,HECHOS SOBREVINIENTES
30/03/2025,11,BOGOTA,11001,BOGOTA,11,BOGOTA,11001,BOGOTA,INACTIVACION DEFINITIVA DE LA ORDEN DE TRABAJO,FEMENINO,INDIVIDUAL,HECHOS SOBREVINIENTES
30/03/2025,11,BOGOTA,11001,BOGOTA,11,BOGOTA,11001,BOGOTA,INACTIVACION DEFINITIVA DE LA ORDEN DE TRABAJO,FEMENINO,INDIVIDUAL,HECHOS SOBREVINIENTES
30/03/2025,19,CAUCA,19318,GUAPI,19,CAUCA,19318,GUAPI,EXTRAORDINARIO,MASCULINO,INDIVIDUAL,TEMPORALIDAD
30/03/2025,19,CAUCA,19355,INZA,19,CAUCA,19355,INZA,EXTRAORDINARIO,MASCULINO,INDIVIDUAL,PRIMERA VEZ
30/03/2025,11,BOGOTA,11001,BOGOTA,,N/A,,N/A,INACTIVACION DEFINITIVA DE LA ORDEN DE TRABAJO,MASCULINO,INDIVIDUAL,HECHOS SOBREVINIENTES
30/03/2025,73,TOLIMA,73675,SAN ANTONIO,73,TOLIMA,73675,SAN ANTONIO,EXTRAORDINARIO DE GENERO,MASCULINO,INDIVIDUAL,HECHOS SOBREVINIENTES
30/03/2025,25,CUNDINAMARCA,25878,VIOTA,25,CUNDINAMARCA,25878,VIOTA,EXTRAORDINARIO,MASCULINO,INDIVIDUAL,HECHOS SOBREVINIENTES
30/03/2025,41,HUILA,41020,ALGECIRAS,41,HUILA,41020,ALGECIRAS,EXTRAORDINARIO,N/A,COLECTIVO,PRIMERA VEZ
30/03/2025,27,CHOCO,27001,QUIBDO,27,CHOCO,27001,QUIBDO,EXTRAORDINARIO,MASCULINO,INDIVIDUAL,HECHOS SOBREVINIENTES
30/03/2025,76,VALLE DEL CAUCA,76001,CALI,76,VALLE DEL CAUCA,76834,TULUA,EXTRAORDINARIO,MASCULINO,INDIVIDUAL,HECHOS SOBREVINIENTES
30/03/2025,76,VALLE DEL CAUCA,76736,SEVILLA,76,VALLE DEL CAUCA,76736,SEVILLA,EXTRAORDINARIO,MASCULINO,INDIVIDUAL,HECHOS SOBREVINIENTES
30/03/2025,13,BOLIVAR,13244,CARMEN DE BOLIVAR,13,BOLIVAR,13244,CARMEN DE BOLIVAR,EXTRAORDINARIO,FEMENINO,COLECTIVO,PRIMERA VEZ
30/03/2025,41,HUILA,41668,SAN AGUSTIN,41,HUILA,41668,SAN AGUSTIN,EXTRAORDINARIO,MASCULINO,INDIVIDUAL,PRIMERA VEZ
30/03/2025,86,PUTUMAYO,86001,MOCOA,86,PUTUMAYO,86001,MOCOA,EXTRAORDINARIO,MASCULINO,INDIVIDUAL,HECHOS SOBREVINIENTES
30/03/2025,86,PUTUMAYO,86568,PUERTO ASIS,86,PUTUMAYO,86568,PUERTO ASIS,EXTRAORDINARIO,MASCULINO,INDIVIDUAL,HECHOS SOBREVINIENTES
30/03/2025,50,META,50370,URIBE,81,ARAUCA,81065,ARAUQUITA,EXTRAORDINARIO,MASCULINO,INDIVIDUAL,PRIMERA VEZ
30/03/2025,54,NORTE DE SANTANDER,54250,EL TARRA,,N/A,,N/A,INACTIVACION DEFINITIVA DE LA ORDEN DE TRABAJO,FEMENINO,INDIVIDUAL,PRIMERA VEZ
30/03/2025,25,CUNDINAMARCA,25175,CHIA,,N/A,,N/A,INACTIVACION DEFINITIVA DE LA ORDEN DE TRABAJO,MASCULINO,INDIVIDUAL,HECHOS SOBREVINIENTES
30/03/2025,25,CUNDINAMARCA,11001,BOGOTA,41,HUILA,41396,PLATA,EXTRAORDINARIO,FEMENINO,INDIVIDUAL,HECHOS SOBREVINIENTES
30/03/2025,76,VALLE DEL CAUCA,76001,CALI,76,VALLE DEL CAUCA,76001,CALI,EXTRAORDINARIO,FEMENINO,INDIVIDUAL,HECHOS SOBREVINIENTES
30/03/2025,70,SUCRE,70418,LOS PALMITOS,70,SUCRE,70418,LOS PALMITOS,ORDINARIO,MASCULINO,INDIVIDUAL,TEMPORALIDAD
30/03/2025,70,SUCRE,70418,LOS PALMITOS,70,SUCRE,70418,LOS PALMITOS,ORDINARIO,MASCULINO,INDIVIDUAL,TEMPORALIDAD
30/03/2025,70,SUCRE,70418,LOS PALMITOS,70,SUCRE,70418,LOS PALMITOS,ORDINARIO,MASCULINO,INDIVIDUAL,TEMPORALIDAD
30/03/2025,70,SUCRE,70001,SINCELEJO,70,SUCRE,70204,COLOSO,EXTRAORDINARIO,MASCULINO,INDIVIDUAL,TEMPORALIDAD
30/03/2025,76,VALLE DEL CAUCA,76834,TULUA,76,VALLE DEL CAUCA,76834,TULUA,EXTRAORDINARIO DE GENERO,FEMENINO,INDIVIDUAL,PRIMERA VEZ
30/03/2025,18,CAQUETA,18753,SAN VICENTE DEL CAGUAN,,N/A,,N/A,INACTIVACION DEFINITIVA DE LA ORDEN DE TRABAJO,MASCULINO,INDIVIDUAL,HECHOS SOBREVINIENTES
30/03/2025,25,CUNDINAMARCA,25769,SUBACHOQUE,25,CUNDINAMARCA,25769,SUBACHOQUE,EXTRAORDINARIO,FEMENINO,INDIVIDUAL,HECHOS SOBREVINIENTES
30/03/2025,15,BOYACA,15518,PAJARITO,85,CASANARE,85001,YOPAL,EXTRAORDINARIO,MASCULINO,INDIVIDUAL,PRIMERA VEZ
30/03/2025,41,HUILA,41078,BARAYA,,N/A,,N/A,INACTIVACION DEFINITIVA DE LA ORDEN DE TRABAJO,MASCULINO,INDIVIDUAL,HECHOS SOBREVINIENTES
30/03/2025,19,CAUCA,19355,INZA,19,CAUCA,19355,INZA,EXTRAORDINARIO,MASCULINO,INDIVIDUAL,TEMPORALIDAD
30/03/2025,19,CAUCA,19473,MORALES,19,CAUCA,19473,MORALES,ORDINARIO,FEMENINO,INDIVIDUAL,TEMPORALIDAD
30/03/2025,19,CAUCA,19001,POPAYAN,,N/A,,N/A,INACTIVACION DEFINITIVA DE LA ORDEN DE TRABAJO,MASCULINO,INDIVIDUAL,TEMPORALIDAD
30/03/2025,11,BOGOTA,11001,BOGOTA,,N/A,,N/A,ORDINARIO,MASCULINO,INDIVIDUAL,TEMPORALIDAD
30/03/2025,86,PUTUMAYO,86568,PUERTO ASIS,41,HUILA,41799,TELLO,INACTIVACION DEFINITIVA DE LA ORDEN DE TRABAJO,MASCULINO,INDIVIDUAL,HECHOS SOBREVINIENTES
20/04/2025,73,TOLIMA,73449,MELGAR,73,TOLIMA,73449,MELGAR,EXTRAORDINARIO,N/A,COLECTIVO,PRIMERA VEZ
20/04/2025,52,NARINO,52001,PASTO,52,NARINO,52001,PASTO,EXTRAORDINARIO,MASCULINO,INDIVIDUAL,PRIMERA VEZ
20/04/2025,76,VALLE DEL CAUCA,76563,PRADERA,,N/A,,N/A,INACTIVACION DEFINITIVA DE LA ORDEN DE TRABAJO,MASCULINO,INDIVIDUAL,HECHOS SOBREVINIENTES
20/04/2025,19,CAUCA,19001,POPAYAN,19,CAUCA,19001,POPAYAN,EXTRAORDINARIO,MASCULINO,INDIVIDUAL,HECHOS SOBREVINIENTES
20/04/2025,76,VALLE DEL CAUCA,76318,GUACARI,19,CAUCA,19455,MIRANDA,EXTRAORDINARIO,N/A,COLECTIVO,HECHOS SOBREVINIENTES
20/04/2025,73,TOLIMA,73001,IBAGUE,73,TOLIMA,73001,IBAGUE,EXTRAORDINARIO,MASCULINO,INDIVIDUAL,PRIMERA VEZ
20/04/2025,54,NORTE DE SANTANDER,54206,CONVENCION,54,NORTE DE SANTANDER,54206,CONVENCION,INACTIVACION TEMPORAL DE LA ORDEN DE TRABAJO,MASCULINO,INDIVIDUAL,HECHOS SOBREVINIENTES
20/04/2025,85,CASANARE,85125,HATO COROZAL,81,ARAUCA,81065,ARAUQUITA,EXTRAORDINARIO,MASCULINO,INDIVIDUAL,PRIMERA VEZ
20/04/2025,5,ANTIOQUIA,5234,DABEIBA,,N/A,,N/A,INACTIVACION DEFINITIVA DE LA ORDEN DE TRABAJO,N/A,COLECTIVO,PRIMERA VEZ
20/04/2025,5,ANTIOQUIA,5234,DABEIBA,,N/A,,N/A,INACTIVACION DEFINITIVA DE LA ORDEN DE TRABAJO,N/A,COLECTIVO,PRIMERA VEZ
20/04/2025,52,NARINO,52835,TUMACO,52,NARINO,52835,TUMACO,EXTRAORDINARIO,N/A,COLECTIVO,HECHOS SOBREVINIENTES
20/04/2025,81,ARAUCA,81065,ARAUQUITA,81,ARAUCA,81065,ARAUQUITA,EXTRAORDINARIO,MASCULINO,INDIVIDUAL,HECHOS SOBREVINIENTES
20/04/2025,76,VALLE DEL CAUCA,76001,CALI,19,CAUCA,19698,SANTANDER DE QUILICHAO,EXTRAORDINARIO,MASCULINO,INDIVIDUAL,HECHOS SOBREVINIENTES
20/04/2025,73,TOLIMA,73001,IBAGUE,73,TOLIMA,73624,ROVIRA,EXTRAORDINARIO,MASCULINO,INDIVIDUAL,PRIMERA VEZ
20/04/2025,11,BOGOTA,11001,BOGOTA,11,BOGOTA,11001,BOGOTA,EXTRAORDINARIO,FEMENINO,INDIVIDUAL,PRIMERA VEZ
20/04/2025,23,CORDOBA,23001,MONTERIA,47,MAGDALENA,47053,ARACATACA,EXTRAORDINARIO,MASCULINO,INDIVIDUAL,TEMPORALIDAD
20/04/2025,50,META,50606,RESTREPO,,N/A,,N/A,INACTIVACION DEFINITIVA DE LA ORDEN DE TRABAJO,MASCULINO,INDIVIDUAL,HECHOS SOBREVINIENTES
20/04/2025,41,HUILA,41013,AGRADO,86,PUTUMAYO,86757,SAN MIGUEL,EXTRAORDINARIO,MASCULINO,INDIVIDUAL,PRIMERA VEZ
20/04/2025,52,NARINO,52835,TUMACO,52,NARINO,52835,TUMACO,EXTRAORDINARIO,MASCULINO,INDIVIDUAL,PRIMERA VEZ
20/04/2025,50,META,50683,SAN JUAN DE ARAMA,50,META,50251,EL CASTILLO,EXTRAORDINARIO,MASCULINO,INDIVIDUAL,HECHOS SOBREVINIENTES
20/04/2025,85,CASANARE,85250,PAZ DE ARIPORO,81,ARAUCA,81065,ARAUQUITA,EXTRAORDINARIO,MASCULINO,INDIVIDUAL,PRIMERA VEZ
20/04/2025,19,CAUCA,19001,POPAYAN,,N/A,,N/A,INACTIVACION DEFINITIVA DE LA ORDEN DE TRABAJO,MASCULINO,INDIVIDUAL,HECHOS SOBREVINIENTES
20/04/2025,19,CAUCA,19698,SANTANDER DE QUILICHAO,19,CAUCA,19698,SANTANDER DE QUILICHAO,EXTRAORDINARIO,MASCULINO,INDIVIDUAL,HECHOS SOBREVINIENTES
20/04/2025,52,NARINO,52079,BARBACOAS,52,NARINO,52079,BARBACOAS,EXTRAORDINARIO,MASCULINO,INDIVIDUAL,HECHOS SOBREVINIENTES
20/04/2025,73,TOLIMA,73622,RONCESVALLES,73,TOLIMA,73622,RONCESVALLES,EXTRAORDINARIO,,,TEMPORALIDAD
20/04/2025,17,CALDAS,17042,ANSERMA,,N/A,,N/A,INACTIVACION DEFINITIVA DE LA ORDEN DE TRABAJO,N/A,COLECTIVO,PRIMERA VEZ
20/04/2025,70,SUCRE,70418,LOS PALMITOS,70,SUCRE,70418,LOS PALMITOS,INACTIVACION DEFINITIVA DE LA ORDEN DE TRABAJO,MASCULINO,INDIVIDUAL,HECHOS SOBREVINIENTES
20/04/2025,68,SANTANDER,68081,BARRANCABERMEJA,68,SANTANDER,68081,BARRANCABERMEJA,EXTRAORDINARIO,MASCULINO,INDIVIDUAL,HECHOS SOBREVINIENTES
20/04/2025,27,CHOCO,27150,CARMEN DEL DARIEN,27,CHOCO,27150,CARMEN DEL DARIEN,EXTRAORDINARIO,MASCULINO,INDIVIDUAL,HECHOS SOBREVINIENTES
20/04/2025,11,BOGOTA,11001,BOGOTA,81,ARAUCA,81794,TAME,EXTRAORDINARIO,FEMENINO,INDIVIDUAL,PRIMERA VEZ
20/04/2025,11,BOGOTA,11001,BOGOTA,11,BOGOTA,11001,BOGOTA,INACTIVACION DEFINITIVA DE LA ORDEN DE TRABAJO,MASCULINO,INDIVIDUAL,PRIMERA VEZ
20/04/2025,27,CHOCO,27099,BOJAYA,5,ANTIOQUIA,5001,MEDELLIN,EXTRAORDINARIO,MASCULINO,INDIVIDUAL,HECHOS SOBREVINIENTES
20/04/2025,41,HUILA,41396,LA PLATA,19,CAUCA,19355,INZA,EXTRAORDINARIO,MASCULINO,INDIVIDUAL,TEMPORALIDAD
20/04/2025,19,CAUCA,19001,POPAYAN,19,CAUCA,19137,CALDONO,INACTIVACION DEFINITIVA DE LA ORDEN DE TRABAJO,MASCULINO,INDIVIDUAL,TEMPORALIDAD
20/04/2025,19,CAUCA,19698,SANTANDER DE QUILICHAO,19,CAUCA,19698,SANTANDER DE QUILICHAO,EXTRAORDINARIO,FEMENINO,INDIVIDUAL,TEMPORALIDAD
20/04/2025,19,CAUCA,19698,SANTANDER DE QUILICHAO,19,CAUCA,19698,SANTANDER DE QUILICHAO,ORDINARIO,MASCULINO,INDIVIDUAL,TEMPORALIDAD
20/04/2025,19,CAUCA,19001,POPAYAN,19,CAUCA,19001,POPAYAN,EXTRAORDINARIO DE GENERO,N/A,COLECTIVO,TEMPORALIDAD
20/04/2025,19,CAUCA,19001,POPAYAN,52,NARINO,52256,EL ROSARIO,EXTRAORDINARIO,MASCULINO,INDIVIDUAL,TEMPORALIDAD
20/04/2025,19,CAUCA,19807,TIMBIO,19,CAUCA,19807,TIMBIO,EXTRAORDINARIO,MASCULINO,INDIVIDUAL,TEMPORALIDAD
20/04/2025,76,VALLE DEL CAUCA,76364,JAMUNDI,76,VALLE DEL CAUCA,76364,JAMUNDI,EXTRAORDINARIO,MASCULINO,INDIVIDUAL,TEMPORALIDAD
20/04/2025,19,CAUCA,19142,CALOTO,19,CAUCA,19142,CALOTO,EXTRAORDINARIO,FEMENINO,INDIVIDUAL,TEMPORALIDAD
20/04/2025,19,CAUCA,19698,SANTANDER DE QUILICHAO,,N/A,,N/A,INACTIVACION DEFINITIVA DE LA ORDEN DE TRABAJO,MASCULINO,INDIVIDUAL,TEMPORALIDAD
20/04/2025,19,CAUCA,19698,SANTANDER DE QUILICHAO,,N/A,,N/A,INACTIVACION DEFINITIVA DE LA ORDEN DE TRABAJO,MASCULINO,INDIVIDUAL,TEMPORALIDAD
20/04/2025,19,CAUCA,19001,POPAYAN,,N/A,,N/A,INACTIVACION DEFINITIVA DE LA ORDEN DE TRABAJO,MASCULINO,INDIVIDUAL,TEMPORALIDAD
20/04/2025,76,VALLE DEL CAUCA,,N/A,19,CAUCA,19137,CALDONO,EXTRAORDINARIO,MASCULINO,INDIVIDUAL,TEMPORALIDAD
20/04/2025,19,CAUCA,19001,POPAYAN,19,CAUCA,19137,CALDONO,EXTRAORDINARIO,MASCULINO,INDIVIDUAL,TEMPORALIDAD
20/04/2025,19,CAUCA,19001,POPAYAN,19,CAUCA,19001,POPAYAN,EXTRAORDINARIO,FEMENINO,INDIVIDUAL,TEMPORALIDAD
20/04/2025,19,CAUCA,19355,INZA,19,CAUCA,19355,INZA,EXTRAORDINARIO,MASCULINO,INDIVIDUAL,TEMPORALIDAD
20/04/2025,19,CAUCA,19318,GUAPI,19,CAUCA,19318,GUAPI,EXTRAORDINARIO,MASCULINO,INDIVIDUAL,TEMPORALIDAD
20/04/2025,50,META,50711,VISTAHERMOSA,50,META,50711,VISTAHERMOSA,EXTRAORDINARIO,MASCULINO,INDIVIDUAL,PRIMERA VEZ
20/04/2025,11,BOGOTA,11001,BOGOTA,,N/A,,N/A,INACTIVACION DEFINITIVA DE LA ORDEN DE TRABAJO,MASCULINO,INDIVIDUAL,HECHOS SOBREVINIENTES
20/04/2025,18,CAQUETA,18001,FLORENCIA,18,CAQUETA,18592,PUERTO RICO,INACTIVACION DEFINITIVA DE LA ORDEN DE TRABAJO,FEMENINO,INDIVIDUAL,PRIMERA VEZ
20/04/2025,76,VALLE DEL CAUCA,76736,SEVILLA,76,VALLE DEL CAUCA,76736,SEVILLA,EXTRAORDINARIO,MASCULINO,INDIVIDUAL,TEMPORALIDAD
20/04/2025,52,NARINO,52001,PASTO,52,NARINO,52001,PASTO,EXTRAORDINARIO DE GENERO,FEMENINO,INDIVIDUAL,TEMPORALIDAD
20/04/2025,52,NARINO,52001,PASTO,,N/A,,N/A,INACTIVACION DEFINITIVA DE LA ORDEN DE TRABAJO,MASCULINO,INDIVIDUAL,TEMPORALIDAD
20/04/2025,52,NARINO,52256,EL ROSARIO,52,NARINO,52256,EL ROSARIO,EXTRAORDINARIO,MASCULINO,INDIVIDUAL,TEMPORALIDAD
20/04/2025,76,VALLE DEL CAUCA,76001,CALI,76,VALLE DEL CAUCA,76001,CALI,EXTRAORDINARIO,MASCULINO,INDIVIDUAL,TEMPORALIDAD
20/04/2025,76,VALLE DEL CAUCA,76113,BUGALAGRANDE,76,VALLE DEL CAUCA,76036,ANDALUCIA,EXTRAORDINARIO,MASCULINO,INDIVIDUAL,TEMPORALIDAD
20/04/2025,52,NARINO,52835,TUMACO,52,NARINO,52835,TUMACO,EXTRAORDINARIO,MASCULINO,INDIVIDUAL,TEMPORALIDAD
20/04/2025,52,NARINO,52835,TUMACO,52,NARINO,52835,TUMACO,EXTRAORDINARIO,MASCULINO,INDIVIDUAL,TEMPORALIDAD
20/04/2025,52,NARINO,52835,TUMACO,52,NARINO,52835,TUMACO,ORDINARIO,MASCULINO,INDIVIDUAL,TEMPORALIDAD
20/04/2025,76,VALLE DEL CAUCA,76364,JAMUNDI,52,NARINO,52835,TUMACO,ORDINARIO,MASCULINO,INDIVIDUAL,TEMPORALIDAD
20/04/2025,76,VALLE DEL CAUCA,76001,CALI,,N/A,,N/A,INACTIVACION DEFINITIVA DE LA ORDEN DE TRABAJO,FEMENINO,INDIVIDUAL,TEMPORALIDAD
20/04/2025,76,VALLE DEL CAUCA,76001,CALI,76,VALLE DEL CAUCA,76001,CALI,EXTRAORDINARIO,,,TEMPORALIDAD
20/04/2025,76,VALLE DEL CAUCA,76001,CALI,19,CAUCA,19809,TIMBIQUI,ORDINARIO,MASCULINO,INDIVIDUAL,TEMPORALIDAD
20/04/2025,76,VALLE DEL CAUCA,76109,BUENAVENTURA,76,VALLE DEL CAUCA,76109,BUENAVENTURA,EXTRAORDINARIO,FEMENINO,INDIVIDUAL,TEMPORALIDAD
20/04/2025,76,VALLE DEL CAUCA,76001,CALI,52,NARINO,52835,TUMACO,ORDINARIO,MASCULINO,INDIVIDUAL,TEMPORALIDAD
20/04/2025,19,CAUCA,13683,SANTA ROSA,19,CAUCA,13683,SANTA ROSA,EXTRAORDINARIO,FEMENINO,INDIVIDUAL,TEMPORALIDAD
20/04/2025,76,VALLE DEL CAUCA,76364,JAMUNDI,76,VALLE DEL CAUCA,76364,JAMUNDI,ORDINARIO,MASCULINO,INDIVIDUAL,TEMPORALIDAD
20/04/2025,76,VALLE DEL CAUCA,76520,PALMIRA,76,VALLE DEL CAUCA,76520,PALMIRA,EXTRAORDINARIO,MASCULINO,INDIVIDUAL,TEMPORALIDAD
20/04/2025,73,TOLIMA,73217,COYAIMA,,N/A,,N/A,INACTIVACION DEFINITIVA DE LA ORDEN DE TRABAJO,MASCULINO,INDIVIDUAL,HECHOS SOBREVINIENTES
20/04/2025,76,VALLE DEL CAUCA,76520,PALMIRA,19,CAUCA,19821,TORIBIO,EXTRAORDINARIO,FEMENINO,INDIVIDUAL,PRIMERA VEZ
20/04/2025,25,CUNDINAMARCA,25754,SOACHA,25,CUNDINAMARCA,25754,SOACHA,EXTRAORDINARIO,MASCULINO,INDIVIDUAL,TEMPORALIDAD
20/04/2025,76,VALLE DEL CAUCA,76834,TULUA,76,VALLE DEL CAUCA,76834,TULUA,EXTRAORDINARIO DE GENERO,FEMENINO,INDIVIDUAL,PRIMERA VEZ
20/04/2025,19,CAUCA,19698,SANTANDER DE QUILICHAO,19,CAUCA,19698,SANTANDER DE QUILICHAO,EXTRAORDINARIO,MASCULINO,INDIVIDUAL,HECHOS SOBREVINIENTES
20/04/2025,19,CAUCA,19001,POPAYAN,19,CAUCA,5055,ARGELIA,EXTRAORDINARIO,MASCULINO,INDIVIDUAL,PRIMERA VEZ
20/04/2025,41,HUILA,41770,SUAZA,41,HUILA,41770,SUAZA,EXTRAORDINARIO,FEMENINO,INDIVIDUAL,PRIMERA VEZ
20/04/2025,19,CAUCA,19355,INZA,19,CAUCA,19355,INZA,EXTRAORDINARIO,MASCULINO,INDIVIDUAL,HECHOS SOBREVINIENTES
20/04/2025,52,NARINO,52227,CUMBAL,52,NARINO,52227,CUMBAL,EXTRAORDINARIO DE GENERO,FEMENINO,INDIVIDUAL,HECHOS SOBREVINIENTES
30/04/2025,11,BOGOTA,11001,BOGOTA,20,CESAR,20443,MANAURE BALCON DEL CESAR,EXTREMO,MASCULINO,INDIVIDUAL,REEVALUACION DE NIVEL DE RIESGO POR TEMPORALIDAD INDIVIDUAL
30/04/2025,11,BOGOTA,11001,BOGOTA,,N/A,,N/A,INACTIVACION DEFINITVA DE LA ORDEN DE TRABAJO,MASCULINO,INDIVIDUAL,REEVALUACION DE NIVEL DE RIESGO POR TEMPORALIDAD INDIVIDUAL
30/04/2025,73,TOLIMA,73352,ICONONZO,73,TOLIMA,73352,ICONONZO,EXTRAORDINARIO,MASCULINO,INDIVIDUAL,REEVALUACION DE NIVEL DE RIESGO POR HECHOS SOBREVINIENTES INDIVIDUAL
30/04/2025,73,TOLIMA,73236,DOLORES,73,TOLIMA,73236,DOLORES,RIESGO EXTRAORDINARIO,MASCULINO,INDIVIDUAL,REEVALUACION DE NIVEL DE RIESGO POR HECHOS SOBREVINIENTES INDIVIDUAL
30/04/2025,,ESPANA,25430,MADRID,,N/A,,N/A,INACTIVACION DEFINITVA DE LA ORDEN DE TRABAJO,MASCULINO,INDIVIDUAL,REEVALUACION DE NIVEL DE RIESGO POR TEMPORALIDAD INDIVIDUAL
30/04/2025,73,TOLIMA,73352,ICONONZO,73,TOLIMA,73352,ICONONZO,RIESGO EXTRAORDINARIO,MASCULINO,INDIVIDUAL,REEVALUACION DE NIVEL DE RIESGO POR TEMPORALIDAD INDIVIDUAL
30/04/2025,73,TOLIMA,73555,PLANADAS,73,TOLIMA,73555,PLANADAS,EXTRAORDINARIO,MASCULINO,INDIVIDUAL,REEVALUACION DE NIVEL DE RIESGO POR TEMPORALIDAD INDIVIDUAL
30/04/2025,85,CASANARE,85125,HATO COROZAL,85,CASANARE,85125,HATO COROZAL,EXTRAORDINARIO,N/A,COLECTIVO,EVALUACION DE NIVEL DE RIESGO POR PRIMERA VEZ COLECTIVO
30/04/2025,25,CUNDINAMARCA,25754,SOACHA,25,CUNDINAMARCA,25754,SOACHA,EXTRAORDINARIO,MASCULINO,INDIVIDUAL,REEVALUACION DE NIVEL DE RIESGO POR TEMPORALIDAD INDIVIDUAL
30/04/2025,73,TOLIMA,73352,ICONONZO,73,TOLIMA,73352,ICONONZO,RIESGO EXTRAORDINARIO,MASCULINO,INDIVIDUAL,REEVALUACION DE NIVEL DE RIESGO POR HECHOS SOBREVINIENTES INDIVIDUAL
30/04/2025,73,TOLIMA,73352,ICONONZO,73,TOLIMA,73352,ICONONZO,EXTRAORDINARIO,MASCULINO,INDIVIDUAL,REEVALUACION DE NIVEL DE RIESGO POR HECHOS SOBREVINIENTES INDIVIDUAL
30/04/2025,73,TOLIMA,73168,CHAPARRAL,73,TOLIMA,73555,PLANADAS,EXTRAORDINARIO,FEMENINO,INDIVIDUAL,REEVALUACION DE NIVEL DE RIESGO POR HECHOS SOBREVINIENTES INDIVIDUAL
30/04/2025,73,TOLIMA,73168,CHAPARRAL,73,TOLIMA,73168,CHAPARRAL,ORDINARIO,FEMENINO,INDIVIDUAL,EVALUACION DE NIVEL DE RIESGO POR PRIMERA VEZ INDIVIDUAL
30/04/2025,73,TOLIMA,73352,ICONONZO,73,TOLIMA,73624,ROVIRA,RIESGO EXTRAORDINARIO,MASCULINO,INDIVIDUAL,REEVALUACION DE NIVEL DE RIESGO POR HECHOS SOBREVINIENTES INDIVIDUAL
26/02/2025,54,NORTE DE SANTANDER,54001,CUCUTA,54,NORTE DE SANTANDER,54800,TEORAMA,EXTRAORDINARIO,MASCULINO,INDIVIDUAL,PRIMERA VEZ
26/02/2025,54,NORTE DE SANTANDER,54001,CUCUTA,54,NORTE DE SANTANDER,54810,TIBU,EXTRAORDINARIO,MASCULINO,INDIVIDUAL,PRIMERA VEZ
26/02/2025,54,NORTE DE SANTANDER,54001,CUCUTA,54,NORTE DE SANTANDER,54800,TEORAMA,EXTRAORDINARIO,MASCULINO,INDIVIDUAL,PRIMERA VEZ
26/02/2025,54,NORTE DE SANTANDER,54001,CUCUTA,54,NORTE DE SANTANDER,54810,TIBU,EXTRAORDINARIO,MASCULINO,INDIVIDUAL,PRIMERA VEZ
26/02/2025,54,NORTE DE SANTANDER,54498,OCANA,54,NORTE DE SANTANDER,54670,SAN CALIXTO,EXTRAORDINARIO,MASCULINO,INDIVIDUAL,HECHOS SOBREVINIENTES
06/03/2025,54,NORTE DE SANTANDER,54001,CUCUTA,54,NORTE DE SANTANDER,54800,TEORAMA,EXTRAORDINARIO DE GENERO,FEMENINO,INDIVIDUAL,HECHOS SOBREVINIENTES
06/03/2025,54,NORTE DE SANTANDER,54874,VILLA DEL ROSARIO,54,NORTE DE SANTANDER,54003,ABREGO,EXTRAORDINARIO,MASCULINO,INDIVIDUAL,HECHOS SOBREVINIENTES
06/03/2025,54,NORTE DE SANTANDER,54001,CUCUTA,54,NORTE DE SANTANDER,54810,TIBU,EXTRAORDINARIO,MASCULINO,INDIVIDUAL,HECHOS SOBREVINIENTES
06/03/2025,54,NORTE DE SANTANDER,54405,LOS PATIOS,54,NORTE DE SANTANDER,54405,LOS PATIOS,EXTRAORDINARIO,MASCULINO,INDIVIDUAL,HECHOS SOBREVINIENTES
06/03/2025,54,NORTE DE SANTANDER,54670,SAN CALIXTO,54,NORTE DE SANTANDER,54670,SAN CALIXTO,EXTRAORDINARIO,MASCULINO,INDIVIDUAL,PRIMERA VEZ
06/03/2025,54,NORTE DE SANTANDER,54001,CUCUTA,54,NORTE DE SANTANDER,54800,TEORAMA,EXTRAORDINARIO,FEMENINO,INDIVIDUAL,PRIMERA VEZ
06/03/2025,54,NORTE DE SANTANDER,54498,OCANA,54,NORTE DE SANTANDER,54800,TEORAMA,EXTRAORDINARIO,MASCULINO,INDIVIDUAL,HECHOS SOBREVINIENTES
06/03/2025,68,SANTANDER,68001,BUCARAMANGA,54,NORTE DE SANTANDER,54800,TEORAMA,EXTRAORDINARIO,MASCULINO,INDIVIDUAL,PRIMERA VEZ
06/03/2025,54,NORTE DE SANTANDER,54498,OCANA,54,NORTE DE SANTANDER,54670,SAN CALIXTO,EXTRAORDINARIO,MASCULINO,INDIVIDUAL,PRIMERA VEZ
06/03/2025,54,NORTE DE SANTANDER,54874,VILLA DEL ROSARIO,54,NORTE DE SANTANDER,54206,CONVENCION,EXTRAORDINARIO,MASCULINO,INDIVIDUAL,PRIMERA VEZ
06/03/2025,54,NORTE DE SANTANDER,54874,VILLA DEL ROSARIO,54,NORTE DE SANTANDER,54206,CONVENCION,EXTRAORDINARIO,MASCULINO,INDIVIDUAL,PRIMERA VEZ
13/03/2025,54,NORTE DE SANTANDER,54001,CUCUTA,54,NORTE DE SANTANDER,54344,HACARI,EXTRAORDINARIO,MASCULINO,INDIVIDUAL,N/A
13/03/2025,54,NORTE DE SANTANDER,54498,OCANA,54,NORTE DE SANTANDER,54670,SAN CALIXTO,EXTRAORDINARIO,MASCULINO,INDIVIDUAL,N/A
13/03/2025,54,NORTE DE SANTANDER,54498,OCANA,54,NORTE DE SANTANDER,54344,HACARI,EXTRAORDINARIO,N/A,COLECTIVO,N/A
13/03/2025,54,NORTE DE SANTANDER,54874,VILLA DEL ROSARIO,54,NORTE DE SANTANDER,54800,TEORAMA,EXTRAORDINARIO,MASCULINO,COLECTIVO,N/A
13/03/2025,54,NORTE DE SANTANDER,,LA PLAYA DE BELEN,54,NORTE DE SANTANDER,54670,SAN CALIXTO,EXTRAORDINARIO,MASCULINO,INDIVIDUAL,N/A
13/03/2025,54,NORTE DE SANTANDER,54874,VILLA DEL ROSARIO,54,NORTE DE SANTANDER,54206,CONVENCION,EXTRAORDINARIO,MASCULINO,INDIVIDUAL,N/A
13/03/2025,54,NORTE DE SANTANDER,54206,CONVENCION,54,NORTE DE SANTANDER,54874,VILLA DEL ROSARIO,EXTRAORDINARIO,MASCULINO,INDIVIDUAL,N/A
13/03/2025,54,NORTE DE SANTANDER,54874,VILLA DEL ROSARIO,54,NORTE DE SANTANDER,54810,TIBU,EXTRAORDINARIO,FEMENINO,COLECTIVO,N/A
13/03/2025,54,NORTE DE SANTANDER,54498,OCANA,54,NORTE DE SANTANDER,54250,EL TARRA,EXTRAORDINARIO,MASCULINO,INDIVIDUAL,N/A
13/03/2025,54,NORTE DE SANTANDER,54003,ABREGO,,N/A,,N/A,EXTRAORDINARIO,MASCULINO,INDIVIDUAL,N/A
13/03/2025,54,NORTE DE SANTANDER,54498,OCANA,54,NORTE DE SANTANDER,54800,TEORAMA,EXTRAORDINARIO,MASCULINO,INDIVIDUAL,N/A
13/03/2025,54,NORTE DE SANTANDER,54001,CUCUTA,54,NORTE DE SANTANDER,54720,SARDINATA,EXTRAORDINARIO ACTIVAR MEE,MASCULINO,INDIVIDUAL,N/A
13/03/2025,54,NORTE DE SANTANDER,54206,CONVENCION,54,NORTE DE SANTANDER,54800,TEORAMA,EXTRAORDINARIO ACTIVAR MEE,MASCULINO,INDIVIDUAL,N/A
13/03/2025,85,CASANARE,85125,HATO COROZAL,54,NORTE DE SANTANDER,54810,TIBU,EXTRAORDINARIO ACTIVAR MEE,MASCULINO,INDIVIDUAL,N/A
13/03/2025,54,NORTE DE SANTANDER,54498,OCANA,54,NORTE DE SANTANDER,54800,TEORAMA,EXTRAORDINARIO ACTIVAR MEE,N/A,COLECTIVO,N/A
13/03/2025,54,NORTE DE SANTANDER,54498,OCANA,54,NORTE DE SANTANDER,54800,TEORAMA,EXTRAORDINARIO ACTIVAR MEE,MASCULINO,INDIVIDUAL,N/A
13/03/2025,54,NORTE DE SANTANDER,54001,CUCUTA,54,NORTE DE SANTANDER,54800,TEORAMA,EXTRAORDINARIO ACTIVAR MEE,MASCULINO,INDIVIDUAL,N/A
13/03/2025,54,NORTE DE SANTANDER,54001,CUCUTA,54,NORTE DE SANTANDER,54810,TIBU,EXTRAORDINARIO ACTIVAR MEE,MASCULINO,INDIVIDUAL,N/A
13/03/2025,54,NORTE DE SANTANDER,54250,EL TARRA,54,NORTE DE SANTANDER,54874,VILLA DEL ROSARIO,EXTRAORDINARIO ACTIVAR MEE,MASCULINO,INDIVIDUAL,N/A
13/03/2025,54,NORTE DE SANTANDER,54498,OCANA,54,NORTE DE SANTANDER,54810,TIBU,EXTRAORDINARIO ACTIVAR MEE,FEMENINO,COLECTIVO,N/A
13/03/2025,54,NORTE DE SANTANDER,54498,OCANA,54,NORTE DE SANTANDER,54800,TEORAMA,EXTRAORDINARIO ACTIVAR MEE,MASCULINO,INDIVIDUAL,N/A
13/03/2025,54,NORTE DE SANTANDER,54250,EL TARRA,54,NORTE DE SANTANDER,54250,EL TARRA,EXTRAORDINARIO ACTIVAR MEE,MASCULINO,INDIVIDUAL,N/A
13/03/2025,54,NORTE DE SANTANDER,54498,OCANA,54,NORTE DE SANTANDER,54800,TEORAMA,EXTRAORDINARIO ACTIVAR MEE,MASCULINO,INDIVIDUAL,N/A
13/03/2025,54,NORTE DE SANTANDER,54250,EL TARRA,,N/A,,N/A,EXTRAORDINARIO ACTIVAR MEE,MASCULINO,INDIVIDUAL,N/A
13/03/2025,54,NORTE DE SANTANDER,54206,CONVENCION,,N/A,,N/A,EXTRAORDINARIO ACTIVAR MEE,MASCULINO,INDIVIDUAL,N/A
13/03/2025,54,NORTE DE SANTANDER,54001,CUCUTA,54,NORTE DE SANTANDER,54810,TIBU,EXTRAORDINARIO ACTIVAR MEE,FEMENINO,INDIVIDUAL,N/A
13/03/2025,54,NORTE DE SANTANDER,54001,CUCUTA,54,NORTE DE SANTANDER,54250,EL TARRA,EXTRAORDINARIO ACTIVAR MEE,MASCULINO,INDIVIDUAL,N/A
13/03/2025,54,NORTE DE SANTANDER,54001,CUCUTA,54,NORTE DE SANTANDER,54810,TIBU,EXTRAORDINARIO ACTIVAR MEE,FEMENINO,INDIVIDUAL,N/A
13/03/2025,54,NORTE DE SANTANDER,54001,CUCUTA,54,NORTE DE SANTANDER,54206,CONVENCION,EXTRAORDINARIO ACTIVAR MEE,MASCULINO,INDIVIDUAL,N/A
13/03/2025,54,NORTE DE SANTANDER,54001,CUCUTA,54,NORTE DE SANTANDER,54810,TIBU,EXTRAORDINARIO ACTIVAR MEE,MASCULINO,INDIVIDUAL,N/A
13/03/2025,54,NORTE DE SANTANDER,54498,OCANA,54,NORTE DE SANTANDER,54344,HACARI,EXTRAORDINARIO ACTIVAR MEE,MASCULINO,INDIVIDUAL,N/A
13/03/2025,54,NORTE DE SANTANDER,54874,VILLA DEL ROSARIO,54,NORTE DE SANTANDER,54800,TEORAMA,EXTRAORDINARIO ACTIVAR MEE,MASCULINO,INDIVIDUAL,N/A
13/03/2025,54,NORTE DE SANTANDER,54001,CUCUTA,54,NORTE DE SANTANDER,54720,SARDINATA,EXTRAORDINARIO ACTIVAR MEE,MASCULINO,INDIVIDUAL,N/A
13/03/2025,54,NORTE DE SANTANDER,54498,OCANA,54,NORTE DE SANTANDER,54800,TEORAMA,EXTRAORDINARIO ACTIVAR MEE,FEMENINO,INDIVIDUAL,N/A
13/03/2025,54,NORTE DE SANTANDER,54498,OCANA,54,NORTE DE SANTANDER,54800,TEORAMA,EXTRAORDINARIO ACTIVAR MEE,MASCULINO,INDIVIDUAL,N/A
13/03/2025,54,NORTE DE SANTANDER,54001,CUCUTA,54,NORTE DE SANTANDER,54250,EL TARRA,EXTRAORDINARIO ACTIVAR MEE,MASCULINO,INDIVIDUAL,N/A
13/03/2025,54,NORTE DE SANTANDER,54001,CUCUTA,54,NORTE DE SANTANDER,54206,CONVENCION,EXTRAORDINARIO ACTIVAR MEE,MASCULINO,INDIVIDUAL,N/A
13/03/2025,54,NORTE DE SANTANDER,54874,VILLA DEL ROSARIO,54,NORTE DE SANTANDER,54206,CONVENCION,EXTRAORDINARIO ACTIVAR MEE,MASCULINO,INDIVIDUAL,N/A
13/03/2025,54,NORTE DE SANTANDER,54001,CUCUTA,54,NORTE DE SANTANDER,54810,TIBU,EXTRAORDINARIO ACTIVAR MEE,MASCULINO,INDIVIDUAL,N/A
13/03/2025,54,NORTE DE SANTANDER,54874,VILLA DEL ROSARIO,54,NORTE DE SANTANDER,54810,TIBU,EXTRAORDINARIO ACTIVAR MEE,MASCULINO,INDIVIDUAL,N/A
13/03/2025,54,NORTE DE SANTANDER,54874,VILLA DEL ROSARIO,54,NORTE DE SANTANDER,54810,TIBU,EXTRAORDINARIO ACTIVAR MEE,MASCULINO,INDIVIDUAL,N/A
13/03/2025,54,NORTE DE SANTANDER,54001,CUCUTA,54,NORTE DE SANTANDER,54810,TIBU,EXTRAORDINARIO ACTIVAR MEE,FEMENINO,INDIVIDUAL,N/A
13/03/2025,54,NORTE DE SANTANDER,54001,CUCUTA,54,NORTE DE SANTANDER,54810,TIBU,EXTRAORDINARIO ACTIVAR MEE,MASCULINO,INDIVIDUAL,N/A
13/03/2025,54,NORTE DE SANTANDER,54498,OCANA,54,NORTE DE SANTANDER,54810,TIBU,EXTRAORDINARIO ACTIVAR MEE,MASCULINO,INDIVIDUAL,N/A
13/03/2025,54,NORTE DE SANTANDER,54498,OCANA,54,NORTE DE SANTANDER,54810,TIBU,EXTRAORDINARIO ACTIVAR MEE,MASCULINO,INDIVIDUAL,N/A
13/03/2025,54,NORTE DE SANTANDER,54874,VILLA DEL ROSARIO,54,NORTE DE SANTANDER,54206,CONVENCION,EXTRAORDINARIO ACTIVAR MEE,MASCULINO,INDIVIDUAL,N/A
13/03/2025,54,NORTE DE SANTANDER,54498,OCANA,54,NORTE DE SANTANDER,54206,CONVENCION,EXTRAORDINARIO ACTIVAR MEE,MASCULINO,INDIVIDUAL,N/A
13/03/2025,11,BOGOTA,11001,BOGOTA,54,NORTE DE SANTANDER,54800,TEORAMA,EXTRAORDINARIO ACTIVAR MEE,FEMENINO,INDIVIDUAL,N/A
13/03/2025,54,NORTE DE SANTANDER,54001,CUCUTA,54,NORTE DE SANTANDER,54720,SARDINATA,EXTRAORDINARIO ACTIVAR MEE,MASCULINO,INDIVIDUAL,N/A
13/03/2025,54,NORTE DE SANTANDER,54498,OCANA,54,NORTE DE SANTANDER,54670,SAN CALIXTO,EXTRAORDINARIO ACTIVAR MEE,FEMENINO,INDIVIDUAL,N/A
13/03/2025,54,NORTE DE SANTANDER,54498,OCANA,54,NORTE DE SANTANDER,54344,HACARI,EXTRAORDINARIO ACTIVAR MEE,MASCULINO,INDIVIDUAL,N/A
13/03/2025,54,NORTE DE SANTANDER,54001,CUCUTA,54,NORTE DE SANTANDER,54810,TIBU,EXTRAORDINARIO ACTIVAR MEE,MASCULINO,INDIVIDUAL,N/A
13/03/2025,85,CASANARE,85001,YOPAL,54,NORTE DE SANTANDER,54810,TIBU,EXTRAORDINARIO ACTIVAR MEE,MASCULINO,INDIVIDUAL,N/A
13/03/2025,,N/A,,N/A,54,NORTE DE SANTANDER,54670,SAN CALIXTO,EXTRAORDINARIO ACTIVAR MEE,MASCULINO,INDIVIDUAL,N/A
13/03/2025,54,NORTE DE SANTANDER,54001,CUCUTA,54,NORTE DE SANTANDER,54206,CONVENCION,EXTRAORDINARIO ACTIVAR MEE,MASCULINO,INDIVIDUAL,N/A
13/03/2025,54,NORTE DE SANTANDER,54498,OCANA,,N/A,,N/A,EXTRAORDINARIO ACTIVAR MEE,MASCULINO,INDIVIDUAL,N/A
13/03/2025,54,NORTE DE SANTANDER,54498,OCANA,54,NORTE DE SANTANDER,54800,TEORAMA,EXTRAORDINARIO ACTIVAR MEE,N/A,COLECTIVO,N/A
